object.iri	model.iri	modGene.iri	humanGene.iri
http://purl.obolibrary.org/obo/OMIM_610153	http://www.informatics.jax.org/accession/MGI:5550096	http://www.informatics.jax.org/accession/MGI:2446166	http://www.ncbi.nlm.nih.gov/gene/153562
http://purl.obolibrary.org/obo/OMIM_602771	http://www.informatics.jax.org/accession/MGI:5298009	http://www.informatics.jax.org/accession/MGI:2151208	http://www.ncbi.nlm.nih.gov/gene/57190
http://purl.obolibrary.org/obo/OMIM_607822	http://www.informatics.jax.org/accession/MGI:3702925	http://www.informatics.jax.org/accession/MGI:1202717	http://www.ncbi.nlm.nih.gov/gene/5663
http://purl.obolibrary.org/obo/OMIM_607822	http://www.informatics.jax.org/accession/MGI:2174994	http://www.informatics.jax.org/accession/MGI:1202717	http://www.ncbi.nlm.nih.gov/gene/5663
http://purl.obolibrary.org/obo/OMIM_607822	http://www.informatics.jax.org/accession/MGI:3510652	http://www.informatics.jax.org/accession/MGI:1202717	http://www.ncbi.nlm.nih.gov/gene/5663
http://purl.obolibrary.org/obo/OMIM_607822	http://www.informatics.jax.org/accession/MGI:2174998	http://www.informatics.jax.org/accession/MGI:1202717	http://www.ncbi.nlm.nih.gov/gene/5663
http://purl.obolibrary.org/obo/OMIM_607822	http://www.informatics.jax.org/accession/MGI:2684657	http://www.informatics.jax.org/accession/MGI:1202717	http://www.ncbi.nlm.nih.gov/gene/5663
http://purl.obolibrary.org/obo/OMIM_229300	http://www.informatics.jax.org/accession/MGI:3652375	http://www.informatics.jax.org/accession/MGI:1096879	http://www.ncbi.nlm.nih.gov/gene/2395
http://purl.obolibrary.org/obo/OMIM_229300	http://www.informatics.jax.org/accession/MGI:5700053	http://www.informatics.jax.org/accession/MGI:1096879	http://www.ncbi.nlm.nih.gov/gene/2395
http://purl.obolibrary.org/obo/OMIM_229300	http://www.informatics.jax.org/accession/MGI:3797844	http://www.informatics.jax.org/accession/MGI:1096879	http://www.ncbi.nlm.nih.gov/gene/2395
http://purl.obolibrary.org/obo/OMIM_229300	http://www.informatics.jax.org/accession/MGI:2177207	http://www.informatics.jax.org/accession/MGI:1096879	http://www.ncbi.nlm.nih.gov/gene/2395
http://purl.obolibrary.org/obo/OMIM_229300	http://www.informatics.jax.org/accession/MGI:2177208	http://www.informatics.jax.org/accession/MGI:1096879	http://www.ncbi.nlm.nih.gov/gene/2395
http://purl.obolibrary.org/obo/OMIM_257220	http://www.informatics.jax.org/accession/MGI:2386738	http://www.informatics.jax.org/accession/MGI:1097712	http://www.ncbi.nlm.nih.gov/gene/4864
http://purl.obolibrary.org/obo/OMIM_257220	http://www.informatics.jax.org/accession/MGI:5442379	http://www.informatics.jax.org/accession/MGI:1097712	http://www.ncbi.nlm.nih.gov/gene/4864
http://purl.obolibrary.org/obo/OMIM_257220	http://www.informatics.jax.org/accession/MGI:5305067	http://www.informatics.jax.org/accession/MGI:1097712	http://www.ncbi.nlm.nih.gov/gene/4864
http://purl.obolibrary.org/obo/OMIM_257220	http://www.informatics.jax.org/accession/MGI:5305070	http://www.informatics.jax.org/accession/MGI:1097712	http://www.ncbi.nlm.nih.gov/gene/4864
http://purl.obolibrary.org/obo/OMIM_257220	http://www.informatics.jax.org/accession/MGI:3044831	http://www.informatics.jax.org/accession/MGI:1097712	http://www.ncbi.nlm.nih.gov/gene/4864
http://purl.obolibrary.org/obo/OMIM_257220	http://www.informatics.jax.org/accession/MGI:3849202	http://www.informatics.jax.org/accession/MGI:1097712	http://www.ncbi.nlm.nih.gov/gene/4864
http://purl.obolibrary.org/obo/OMIM_257220	http://www.informatics.jax.org/accession/MGI:4436744	http://www.informatics.jax.org/accession/MGI:1097712	http://www.ncbi.nlm.nih.gov/gene/4864
http://purl.obolibrary.org/obo/OMIM_257220	http://www.informatics.jax.org/accession/MGI:4436745	http://www.informatics.jax.org/accession/MGI:1097712	http://www.ncbi.nlm.nih.gov/gene/4864
http://purl.obolibrary.org/obo/OMIM_257220	http://www.informatics.jax.org/accession/MGI:5442413	http://www.informatics.jax.org/accession/MGI:1097712	http://www.ncbi.nlm.nih.gov/gene/4864
http://purl.obolibrary.org/obo/OMIM_257220	http://www.informatics.jax.org/accession/MGI:3044885	http://www.informatics.jax.org/accession/MGI:1097712	http://www.ncbi.nlm.nih.gov/gene/4864
http://purl.obolibrary.org/obo/OMIM_257220	http://www.informatics.jax.org/accession/MGI:2386740	http://www.informatics.jax.org/accession/MGI:1097712	http://www.ncbi.nlm.nih.gov/gene/4864
http://purl.obolibrary.org/obo/OMIM_257220	http://www.informatics.jax.org/accession/MGI:4359169	http://www.informatics.jax.org/accession/MGI:1097712	http://www.ncbi.nlm.nih.gov/gene/4864
http://purl.obolibrary.org/obo/OMIM_257220	http://www.informatics.jax.org/accession/MGI:2686745	http://www.informatics.jax.org/accession/MGI:1097712	http://www.ncbi.nlm.nih.gov/gene/4864
http://purl.obolibrary.org/obo/OMIM_257220	http://www.informatics.jax.org/accession/MGI:5642030	http://www.informatics.jax.org/accession/MGI:1097712	http://www.ncbi.nlm.nih.gov/gene/4864
http://purl.obolibrary.org/obo/OMIM_257220	http://www.informatics.jax.org/accession/MGI:3846848	http://www.informatics.jax.org/accession/MGI:1097712	http://www.ncbi.nlm.nih.gov/gene/4864
http://purl.obolibrary.org/obo/OMIM_257220	http://www.informatics.jax.org/accession/MGI:5293760	http://www.informatics.jax.org/accession/MGI:1097712	http://www.ncbi.nlm.nih.gov/gene/4864
http://purl.obolibrary.org/obo/OMIM_300322	http://www.informatics.jax.org/accession/MGI:3625335	http://www.informatics.jax.org/accession/MGI:96217	http://www.ncbi.nlm.nih.gov/gene/3251
http://purl.obolibrary.org/obo/OMIM_300322	http://www.informatics.jax.org/accession/MGI:5637726	http://www.informatics.jax.org/accession/MGI:96217	http://www.ncbi.nlm.nih.gov/gene/3251
http://purl.obolibrary.org/obo/OMIM_600274	http://www.informatics.jax.org/accession/MGI:5749790	http://www.informatics.jax.org/accession/MGI:97180	http://www.ncbi.nlm.nih.gov/gene/4137
http://purl.obolibrary.org/obo/OMIM_600274	http://www.informatics.jax.org/accession/MGI:5703732	http://www.informatics.jax.org/accession/MGI:97180	http://www.ncbi.nlm.nih.gov/gene/4137
http://purl.obolibrary.org/obo/OMIM_109150	http://www.informatics.jax.org/accession/MGI:5750701	http://www.informatics.jax.org/accession/MGI:1099442	http://www.ncbi.nlm.nih.gov/gene/4287
http://purl.obolibrary.org/obo/OMIM_276904	http://www.informatics.jax.org/accession/MGI:3700039	http://www.informatics.jax.org/accession/MGI:1919338	http://www.ncbi.nlm.nih.gov/gene/10083
http://purl.obolibrary.org/obo/OMIM_276904	http://www.informatics.jax.org/accession/MGI:3842843	http://www.informatics.jax.org/accession/MGI:1919338	http://www.ncbi.nlm.nih.gov/gene/10083
http://purl.obolibrary.org/obo/OMIM_276904	http://www.informatics.jax.org/accession/MGI:5751490	http://www.informatics.jax.org/accession/MGI:1919338	http://www.ncbi.nlm.nih.gov/gene/10083
http://purl.obolibrary.org/obo/OMIM_276904	http://www.informatics.jax.org/accession/MGI:2676319	http://www.informatics.jax.org/accession/MGI:1919338	http://www.ncbi.nlm.nih.gov/gene/10083
http://purl.obolibrary.org/obo/OMIM_276904	http://www.informatics.jax.org/accession/MGI:2676317	http://www.informatics.jax.org/accession/MGI:1919338	http://www.ncbi.nlm.nih.gov/gene/10083
http://purl.obolibrary.org/obo/OMIM_118400	http://www.informatics.jax.org/accession/MGI:5701638	http://www.informatics.jax.org/accession/MGI:1346349	http://www.ncbi.nlm.nih.gov/gene/6452
http://purl.obolibrary.org/obo/OMIM_118400	http://www.informatics.jax.org/accession/MGI:3699094	http://www.informatics.jax.org/accession/MGI:1346349	http://www.ncbi.nlm.nih.gov/gene/6452
http://purl.obolibrary.org/obo/OMIM_176670	http://www.informatics.jax.org/accession/MGI:5295749	http://www.informatics.jax.org/accession/MGI:96794	http://www.ncbi.nlm.nih.gov/gene/4000
http://purl.obolibrary.org/obo/OMIM_176670	http://www.informatics.jax.org/accession/MGI:5295754	http://www.informatics.jax.org/accession/MGI:96794	http://www.ncbi.nlm.nih.gov/gene/4000
http://purl.obolibrary.org/obo/OMIM_176670	http://www.informatics.jax.org/accession/MGI:4459466	http://www.informatics.jax.org/accession/MGI:96794	http://www.ncbi.nlm.nih.gov/gene/4000
http://purl.obolibrary.org/obo/OMIM_176670	http://www.informatics.jax.org/accession/MGI:2662910	http://www.informatics.jax.org/accession/MGI:96794	http://www.ncbi.nlm.nih.gov/gene/4000
http://purl.obolibrary.org/obo/OMIM_176670	http://www.informatics.jax.org/accession/MGI:3817506	http://www.informatics.jax.org/accession/MGI:96794	http://www.ncbi.nlm.nih.gov/gene/4000
http://purl.obolibrary.org/obo/OMIM_268400	http://www.informatics.jax.org/accession/MGI:2677318	http://www.informatics.jax.org/accession/MGI:1931028	http://www.ncbi.nlm.nih.gov/gene/9401
http://purl.obolibrary.org/obo/OMIM_268400	http://www.informatics.jax.org/accession/MGI:3575579	http://www.informatics.jax.org/accession/MGI:1931028	http://www.ncbi.nlm.nih.gov/gene/9401
http://purl.obolibrary.org/obo/OMIM_268400	http://www.informatics.jax.org/accession/MGI:3575580	http://www.informatics.jax.org/accession/MGI:1931028	http://www.ncbi.nlm.nih.gov/gene/9401
http://purl.obolibrary.org/obo/OMIM_118200	http://www.informatics.jax.org/accession/MGI:3576602	http://www.informatics.jax.org/accession/MGI:103177	http://www.ncbi.nlm.nih.gov/gene/4359
http://purl.obolibrary.org/obo/OMIM_118200	http://www.informatics.jax.org/accession/MGI:3576605	http://www.informatics.jax.org/accession/MGI:103177	http://www.ncbi.nlm.nih.gov/gene/4359
http://purl.obolibrary.org/obo/OMIM_210600	http://www.informatics.jax.org/accession/MGI:4355020	http://www.informatics.jax.org/accession/MGI:108028	http://www.ncbi.nlm.nih.gov/gene/545
http://purl.obolibrary.org/obo/OMIM_225400	http://www.informatics.jax.org/accession/MGI:3712759	http://www.informatics.jax.org/accession/MGI:99907	http://www.ncbi.nlm.nih.gov/gene/5351
http://purl.obolibrary.org/obo/OMIM_252900	http://www.informatics.jax.org/accession/MGI:3037061	http://www.informatics.jax.org/accession/MGI:1350341	http://www.ncbi.nlm.nih.gov/gene/6448
http://purl.obolibrary.org/obo/OMIM_607625	http://www.informatics.jax.org/accession/MGI:5538404	http://www.informatics.jax.org/accession/MGI:1915213	http://www.ncbi.nlm.nih.gov/gene/10577
http://purl.obolibrary.org/obo/OMIM_104300	http://www.informatics.jax.org/accession/MGI:3721541	http://www.informatics.jax.org/accession/MGI:88057	http://www.ncbi.nlm.nih.gov/gene/348
http://purl.obolibrary.org/obo/OMIM_104300	http://www.informatics.jax.org/accession/MGI:3721542	http://www.informatics.jax.org/accession/MGI:88057	http://www.ncbi.nlm.nih.gov/gene/348
http://purl.obolibrary.org/obo/OMIM_104300	http://www.informatics.jax.org/accession/MGI:4355230	http://www.informatics.jax.org/accession/MGI:88057	http://www.ncbi.nlm.nih.gov/gene/348
http://purl.obolibrary.org/obo/OMIM_104300	http://www.informatics.jax.org/accession/MGI:4355229	http://www.informatics.jax.org/accession/MGI:88057	http://www.ncbi.nlm.nih.gov/gene/348
http://purl.obolibrary.org/obo/OMIM_245200	http://www.informatics.jax.org/accession/MGI:3581125	http://www.informatics.jax.org/accession/MGI:95636	http://www.ncbi.nlm.nih.gov/gene/2581
http://purl.obolibrary.org/obo/OMIM_245200	http://www.informatics.jax.org/accession/MGI:2652424	http://www.informatics.jax.org/accession/MGI:95636	http://www.ncbi.nlm.nih.gov/gene/2581
http://purl.obolibrary.org/obo/DOID_332	http://zfin.org/ZDB-FISH-150901-384	http://www.ncbi.nlm.nih.gov/gene/30553	http://www.ncbi.nlm.nih.gov/gene/6647
http://purl.obolibrary.org/obo/DOID_332	http://zfin.org/ZDB-FISH-150901-26700	http://www.ncbi.nlm.nih.gov/gene/30553	http://www.ncbi.nlm.nih.gov/gene/6647
http://purl.obolibrary.org/obo/DOID_332	http://zfin.org/ZDB-FISH-150901-1472	http://www.ncbi.nlm.nih.gov/gene/30553	http://www.ncbi.nlm.nih.gov/gene/6647
http://purl.obolibrary.org/obo/OMIM_219700	http://zfin.org/ZDB-FISH-150901-17779	http://www.ncbi.nlm.nih.gov/gene/559080	http://www.ncbi.nlm.nih.gov/gene/1080
http://purl.obolibrary.org/obo/DOID_1926	http://zfin.org/ZDB-FISH-160223-4	http://www.ncbi.nlm.nih.gov/gene/559072	http://www.ncbi.nlm.nih.gov/gene/2629
http://purl.obolibrary.org/obo/OMIM_313200	http://www.informatics.jax.org/accession/MGI:3794207	http://www.ncbi.nlm.nih.gov/gene/24208	http://www.ncbi.nlm.nih.gov/gene/367
http://purl.obolibrary.org/obo/OMIM_310200	http://zfin.org/ZDB-FISH-150901-14025	http://www.ncbi.nlm.nih.gov/gene/83773	http://www.ncbi.nlm.nih.gov/gene/1756
http://purl.obolibrary.org/obo/DOID_9884	http://zfin.org/ZDB-FISH-150901-14025	http://www.ncbi.nlm.nih.gov/gene/83773	http://www.ncbi.nlm.nih.gov/gene/1756
http://purl.obolibrary.org/obo/OMIM_310200	http://zfin.org/ZDB-FISH-150901-18332	http://www.ncbi.nlm.nih.gov/gene/83773	http://www.ncbi.nlm.nih.gov/gene/1756
http://purl.obolibrary.org/obo/DOID_9884	http://zfin.org/ZDB-FISH-151103-3	http://www.ncbi.nlm.nih.gov/gene/83773	http://www.ncbi.nlm.nih.gov/gene/1756
http://purl.obolibrary.org/obo/DOID_14330	http://zfin.org/ZDB-FISH-150901-27328	http://www.ncbi.nlm.nih.gov/gene/550328	http://www.ncbi.nlm.nih.gov/gene/5071
http://purl.obolibrary.org/obo/DOID_0050570	http://zfin.org/ZDB-FISH-150901-25556	http://www.ncbi.nlm.nih.gov/gene/368229	http://www.ncbi.nlm.nih.gov/gene/5373
http://purl.obolibrary.org/obo/DOID_9884	http://zfin.org/ZDB-FISH-150901-12102	http://www.ncbi.nlm.nih.gov/gene/100049705	http://www.ncbi.nlm.nih.gov/gene/3908
http://purl.obolibrary.org/obo/DOID_0050439	http://zfin.org/ZDB-FISH-150901-13175	http://www.ncbi.nlm.nih.gov/gene/564412	http://www.ncbi.nlm.nih.gov/gene/10083
http://purl.obolibrary.org/obo/DOID_0050439	http://zfin.org/ZDB-FISH-150901-28292	http://www.ncbi.nlm.nih.gov/gene/564412	http://www.ncbi.nlm.nih.gov/gene/10083
http://purl.obolibrary.org/obo/DOID_0050439	http://zfin.org/ZDB-FISH-150901-3341	http://www.ncbi.nlm.nih.gov/gene/564412	http://www.ncbi.nlm.nih.gov/gene/10083
http://purl.obolibrary.org/obo/DOID_9269	http://zfin.org/ZDB-FISH-150901-11579	http://www.ncbi.nlm.nih.gov/gene/541388	http://www.ncbi.nlm.nih.gov/gene/1629
http://purl.obolibrary.org/obo/OMIM_312750	http://zfin.org/ZDB-FISH-150901-18670	http://zfin.org/ZDB-GENE-030131-7190	http://www.ncbi.nlm.nih.gov/gene/4204
http://purl.obolibrary.org/obo/OMIM_312750	http://zfin.org/ZDB-FISH-151014-40	http://zfin.org/ZDB-GENE-030131-7190	http://www.ncbi.nlm.nih.gov/gene/4204
http://purl.obolibrary.org/obo/OMIM_312750	http://zfin.org/ZDB-FISH-151008-1	http://zfin.org/ZDB-GENE-030131-7190	http://www.ncbi.nlm.nih.gov/gene/4204
http://purl.obolibrary.org/obo/OMIM_301000	http://zfin.org/ZDB-FISH-150901-27592	http://zfin.org/ZDB-GENE-030131-7098	http://www.ncbi.nlm.nih.gov/gene/7454
http://purl.obolibrary.org/obo/OMIM_300624	http://zfin.org/ZDB-FISH-150901-24224	http://zfin.org/ZDB-GENE-020731-6	http://www.ncbi.nlm.nih.gov/gene/2332
http://purl.obolibrary.org/obo/DOID_0060041	http://zfin.org/ZDB-FISH-150901-24224	http://zfin.org/ZDB-GENE-020731-6	http://www.ncbi.nlm.nih.gov/gene/2332
http://purl.obolibrary.org/obo/OMIM_300624	http://zfin.org/ZDB-FISH-150901-22190	http://zfin.org/ZDB-GENE-020731-6	http://www.ncbi.nlm.nih.gov/gene/2332
http://purl.obolibrary.org/obo/DOID_2729	http://zfin.org/ZDB-FISH-150901-9200	http://zfin.org/ZDB-GENE-031118-120	http://www.ncbi.nlm.nih.gov/gene/1736
http://purl.obolibrary.org/obo/DOID_13515	http://zfin.org/ZDB-FISH-150901-29460	http://zfin.org/ZDB-GENE-030131-2702	http://www.ncbi.nlm.nih.gov/gene/7249
http://purl.obolibrary.org/obo/OMIM_268300	http://zfin.org/ZDB-FISH-151223-12	http://www.ncbi.nlm.nih.gov/gene/445395	http://www.ncbi.nlm.nih.gov/gene/157570
http://purl.obolibrary.org/obo/OMIM_268300	http://zfin.org/ZDB-FISH-150901-4107	http://www.ncbi.nlm.nih.gov/gene/445395	http://www.ncbi.nlm.nih.gov/gene/157570
http://purl.obolibrary.org/obo/OMIM_268300	http://zfin.org/ZDB-FISH-150901-11009	http://www.ncbi.nlm.nih.gov/gene/445395	http://www.ncbi.nlm.nih.gov/gene/157570
http://purl.obolibrary.org/obo/DOID_14503	http://zfin.org/ZDB-FISH-150901-18534	http://zfin.org/ZDB-GENE-030131-6654	http://www.ncbi.nlm.nih.gov/gene/1200
http://purl.obolibrary.org/obo/OMIM_302060	http://zfin.org/ZDB-FISH-160119-17	http://zfin.org/ZDB-GENE-030131-684	http://www.ncbi.nlm.nih.gov/gene/6901
http://purl.obolibrary.org/obo/OMIM_302060	http://zfin.org/ZDB-FISH-150901-43	http://zfin.org/ZDB-GENE-030131-684	http://www.ncbi.nlm.nih.gov/gene/6901
http://purl.obolibrary.org/obo/OMIM_311250	http://www.informatics.jax.org/accession/MGI:4830506	http://www.informatics.jax.org/accession/MGI:97448	http://www.ncbi.nlm.nih.gov/gene/5009
http://purl.obolibrary.org/obo/OMIM_311250	http://www.informatics.jax.org/accession/MGI:3850182	http://www.informatics.jax.org/accession/MGI:97448	http://www.ncbi.nlm.nih.gov/gene/5009
http://purl.obolibrary.org/obo/OMIM_311250	http://www.informatics.jax.org/accession/MGI:3851105	http://www.informatics.jax.org/accession/MGI:97448	http://www.ncbi.nlm.nih.gov/gene/5009
http://purl.obolibrary.org/obo/OMIM_311250	http://www.informatics.jax.org/accession/MGI:3850111	http://www.informatics.jax.org/accession/MGI:97448	http://www.ncbi.nlm.nih.gov/gene/5009
http://purl.obolibrary.org/obo/OMIM_311250	http://www.informatics.jax.org/accession/MGI:2175225	http://www.informatics.jax.org/accession/MGI:97448	http://www.ncbi.nlm.nih.gov/gene/5009
http://purl.obolibrary.org/obo/OMIM_311250	http://www.informatics.jax.org/accession/MGI:3850173	http://www.informatics.jax.org/accession/MGI:97448	http://www.ncbi.nlm.nih.gov/gene/5009
http://purl.obolibrary.org/obo/OMIM_311250	http://www.informatics.jax.org/accession/MGI:3851332	http://www.informatics.jax.org/accession/MGI:97448	http://www.ncbi.nlm.nih.gov/gene/5009
http://purl.obolibrary.org/obo/OMIM_311250	http://www.informatics.jax.org/accession/MGI:2175223	http://www.informatics.jax.org/accession/MGI:97448	http://www.ncbi.nlm.nih.gov/gene/5009
http://purl.obolibrary.org/obo/OMIM_176000	http://www.informatics.jax.org/accession/MGI:3841015	http://www.informatics.jax.org/accession/MGI:96112	http://www.ncbi.nlm.nih.gov/gene/3145
http://purl.obolibrary.org/obo/OMIM_209300	http://www.informatics.jax.org/accession/MGI:3037942	http://www.informatics.jax.org/accession/MGI:98821	http://www.ncbi.nlm.nih.gov/gene/7018
http://purl.obolibrary.org/obo/OMIM_209300	http://www.informatics.jax.org/accession/MGI:3037943	http://www.informatics.jax.org/accession/MGI:98821	http://www.ncbi.nlm.nih.gov/gene/7018
http://purl.obolibrary.org/obo/OMIM_203100	http://www.informatics.jax.org/accession/MGI:3581209	http://www.informatics.jax.org/accession/MGI:98880	http://www.ncbi.nlm.nih.gov/gene/7299
http://purl.obolibrary.org/obo/OMIM_252500	http://www.informatics.jax.org/accession/MGI:4456351	http://www.informatics.jax.org/accession/MGI:3643902	http://www.ncbi.nlm.nih.gov/gene/79158
http://purl.obolibrary.org/obo/OMIM_252500	http://www.informatics.jax.org/accession/MGI:5544331	http://www.informatics.jax.org/accession/MGI:3643902	http://www.ncbi.nlm.nih.gov/gene/79158
http://purl.obolibrary.org/obo/OMIM_301000	http://www.informatics.jax.org/accession/MGI:3525574	http://www.informatics.jax.org/accession/MGI:105059	http://www.ncbi.nlm.nih.gov/gene/7454
http://purl.obolibrary.org/obo/OMIM_301000	http://www.informatics.jax.org/accession/MGI:5307127	http://www.informatics.jax.org/accession/MGI:105059	http://www.ncbi.nlm.nih.gov/gene/7454
http://purl.obolibrary.org/obo/OMIM_220100	http://www.informatics.jax.org/accession/MGI:5707340	http://www.informatics.jax.org/accession/MGI:1195264	http://www.ncbi.nlm.nih.gov/gene/6519
http://purl.obolibrary.org/obo/OMIM_220100	http://www.informatics.jax.org/accession/MGI:2677978	http://www.informatics.jax.org/accession/MGI:1195264	http://www.ncbi.nlm.nih.gov/gene/6519
http://purl.obolibrary.org/obo/OMIM_220100	http://www.informatics.jax.org/accession/MGI:2677979	http://www.informatics.jax.org/accession/MGI:1195264	http://www.ncbi.nlm.nih.gov/gene/6519
http://purl.obolibrary.org/obo/OMIM_201470	http://www.informatics.jax.org/accession/MGI:3029782	http://www.informatics.jax.org/accession/MGI:87868	http://www.ncbi.nlm.nih.gov/gene/35
http://purl.obolibrary.org/obo/OMIM_201450	http://www.informatics.jax.org/accession/MGI:3693216	http://www.informatics.jax.org/accession/MGI:87867	http://www.ncbi.nlm.nih.gov/gene/34
http://purl.obolibrary.org/obo/OMIM_248600	http://www.informatics.jax.org/accession/MGI:3704912	http://www.informatics.jax.org/accession/MGI:105386	http://www.ncbi.nlm.nih.gov/gene/1629
http://purl.obolibrary.org/obo/OMIM_248600	http://www.informatics.jax.org/accession/MGI:3704913	http://www.informatics.jax.org/accession/MGI:105386	http://www.ncbi.nlm.nih.gov/gene/1629
http://purl.obolibrary.org/obo/OMIM_248600	http://www.informatics.jax.org/accession/MGI:3704920	http://www.informatics.jax.org/accession/MGI:105386	http://www.ncbi.nlm.nih.gov/gene/1629
http://purl.obolibrary.org/obo/OMIM_607855	http://www.informatics.jax.org/accession/MGI:3789197	http://www.informatics.jax.org/accession/MGI:99912	http://www.ncbi.nlm.nih.gov/gene/3908
http://purl.obolibrary.org/obo/OMIM_607855	http://www.informatics.jax.org/accession/MGI:3522483	http://www.informatics.jax.org/accession/MGI:99912	http://www.ncbi.nlm.nih.gov/gene/3908
http://purl.obolibrary.org/obo/OMIM_607855	http://www.informatics.jax.org/accession/MGI:4947712	http://www.informatics.jax.org/accession/MGI:99912	http://www.ncbi.nlm.nih.gov/gene/3908
http://purl.obolibrary.org/obo/OMIM_607855	http://www.informatics.jax.org/accession/MGI:3522485	http://www.informatics.jax.org/accession/MGI:99912	http://www.ncbi.nlm.nih.gov/gene/3908
http://purl.obolibrary.org/obo/OMIM_607855	http://www.informatics.jax.org/accession/MGI:3789978	http://www.informatics.jax.org/accession/MGI:99912	http://www.ncbi.nlm.nih.gov/gene/3908
http://purl.obolibrary.org/obo/OMIM_607855	http://www.informatics.jax.org/accession/MGI:3783638	http://www.informatics.jax.org/accession/MGI:99912	http://www.ncbi.nlm.nih.gov/gene/3908
http://purl.obolibrary.org/obo/OMIM_607855	http://www.informatics.jax.org/accession/MGI:3789335	http://www.informatics.jax.org/accession/MGI:99912	http://www.ncbi.nlm.nih.gov/gene/3908
http://purl.obolibrary.org/obo/OMIM_607855	http://www.informatics.jax.org/accession/MGI:3581453	http://www.informatics.jax.org/accession/MGI:99912	http://www.ncbi.nlm.nih.gov/gene/3908
http://purl.obolibrary.org/obo/OMIM_607855	http://www.informatics.jax.org/accession/MGI:3848948	http://www.informatics.jax.org/accession/MGI:99912	http://www.ncbi.nlm.nih.gov/gene/3908
http://purl.obolibrary.org/obo/OMIM_312750	http://www.informatics.jax.org/accession/MGI:5306255	http://www.informatics.jax.org/accession/MGI:99918	http://www.ncbi.nlm.nih.gov/gene/4204
http://purl.obolibrary.org/obo/OMIM_312750	http://www.informatics.jax.org/accession/MGI:3624674	http://www.informatics.jax.org/accession/MGI:99918	http://www.ncbi.nlm.nih.gov/gene/4204
http://purl.obolibrary.org/obo/OMIM_312750	http://www.informatics.jax.org/accession/MGI:5306241	http://www.informatics.jax.org/accession/MGI:99918	http://www.ncbi.nlm.nih.gov/gene/4204
http://purl.obolibrary.org/obo/OMIM_312750	http://www.informatics.jax.org/accession/MGI:3624676	http://www.informatics.jax.org/accession/MGI:99918	http://www.ncbi.nlm.nih.gov/gene/4204
http://purl.obolibrary.org/obo/OMIM_312750	http://www.informatics.jax.org/accession/MGI:3624680	http://www.informatics.jax.org/accession/MGI:99918	http://www.ncbi.nlm.nih.gov/gene/4204
http://purl.obolibrary.org/obo/OMIM_312750	http://www.informatics.jax.org/accession/MGI:3624685	http://www.informatics.jax.org/accession/MGI:99918	http://www.ncbi.nlm.nih.gov/gene/4204
http://purl.obolibrary.org/obo/OMIM_312750	http://www.informatics.jax.org/accession/MGI:3624551	http://www.informatics.jax.org/accession/MGI:99918	http://www.ncbi.nlm.nih.gov/gene/4204
http://purl.obolibrary.org/obo/OMIM_312750	http://www.informatics.jax.org/accession/MGI:3624554	http://www.informatics.jax.org/accession/MGI:99918	http://www.ncbi.nlm.nih.gov/gene/4204
http://purl.obolibrary.org/obo/OMIM_312750	http://www.informatics.jax.org/accession/MGI:3624553	http://www.informatics.jax.org/accession/MGI:99918	http://www.ncbi.nlm.nih.gov/gene/4204
http://purl.obolibrary.org/obo/OMIM_312750	http://www.informatics.jax.org/accession/MGI:3801487	http://www.informatics.jax.org/accession/MGI:99918	http://www.ncbi.nlm.nih.gov/gene/4204
http://purl.obolibrary.org/obo/OMIM_312750	http://www.informatics.jax.org/accession/MGI:3801488	http://www.informatics.jax.org/accession/MGI:99918	http://www.ncbi.nlm.nih.gov/gene/4204
http://purl.obolibrary.org/obo/OMIM_312750	http://www.informatics.jax.org/accession/MGI:3712286	http://www.informatics.jax.org/accession/MGI:99918	http://www.ncbi.nlm.nih.gov/gene/4204
http://purl.obolibrary.org/obo/OMIM_312750	http://www.informatics.jax.org/accession/MGI:5751716	http://www.informatics.jax.org/accession/MGI:99918	http://www.ncbi.nlm.nih.gov/gene/4204
http://purl.obolibrary.org/obo/OMIM_312750	http://www.informatics.jax.org/accession/MGI:5751707	http://www.informatics.jax.org/accession/MGI:99918	http://www.ncbi.nlm.nih.gov/gene/4204
http://purl.obolibrary.org/obo/OMIM_312750	http://www.informatics.jax.org/accession/MGI:3624717	http://www.informatics.jax.org/accession/MGI:99918	http://www.ncbi.nlm.nih.gov/gene/4204
http://purl.obolibrary.org/obo/OMIM_312750	http://www.informatics.jax.org/accession/MGI:3624713	http://www.informatics.jax.org/accession/MGI:99918	http://www.ncbi.nlm.nih.gov/gene/4204
http://purl.obolibrary.org/obo/OMIM_312750	http://www.informatics.jax.org/accession/MGI:5491041	http://www.informatics.jax.org/accession/MGI:99918	http://www.ncbi.nlm.nih.gov/gene/4204
http://purl.obolibrary.org/obo/OMIM_312750	http://www.informatics.jax.org/accession/MGI:5491051	http://www.informatics.jax.org/accession/MGI:99918	http://www.ncbi.nlm.nih.gov/gene/4204
http://purl.obolibrary.org/obo/OMIM_312750	http://www.informatics.jax.org/accession/MGI:5491040	http://www.informatics.jax.org/accession/MGI:99918	http://www.ncbi.nlm.nih.gov/gene/4204
http://purl.obolibrary.org/obo/OMIM_312750	http://www.informatics.jax.org/accession/MGI:3624718	http://www.informatics.jax.org/accession/MGI:99918	http://www.ncbi.nlm.nih.gov/gene/4204
http://purl.obolibrary.org/obo/OMIM_312750	http://www.informatics.jax.org/accession/MGI:5538526	http://www.informatics.jax.org/accession/MGI:99918	http://www.ncbi.nlm.nih.gov/gene/4204
http://purl.obolibrary.org/obo/OMIM_312750	http://www.informatics.jax.org/accession/MGI:3817461	http://www.informatics.jax.org/accession/MGI:99918	http://www.ncbi.nlm.nih.gov/gene/4204
http://purl.obolibrary.org/obo/OMIM_312750	http://www.informatics.jax.org/accession/MGI:3817462	http://www.informatics.jax.org/accession/MGI:99918	http://www.ncbi.nlm.nih.gov/gene/4204
http://purl.obolibrary.org/obo/OMIM_312750	http://www.informatics.jax.org/accession/MGI:3624719	http://www.informatics.jax.org/accession/MGI:99918	http://www.ncbi.nlm.nih.gov/gene/4204
http://purl.obolibrary.org/obo/OMIM_312750	http://www.informatics.jax.org/accession/MGI:4949888	http://www.informatics.jax.org/accession/MGI:99918	http://www.ncbi.nlm.nih.gov/gene/4204
http://purl.obolibrary.org/obo/OMIM_312750	http://www.informatics.jax.org/accession/MGI:5310735	http://www.informatics.jax.org/accession/MGI:99918	http://www.ncbi.nlm.nih.gov/gene/4204
http://purl.obolibrary.org/obo/OMIM_312750	http://www.informatics.jax.org/accession/MGI:5702941	http://www.informatics.jax.org/accession/MGI:99918	http://www.ncbi.nlm.nih.gov/gene/4204
http://purl.obolibrary.org/obo/OMIM_312750	http://www.informatics.jax.org/accession/MGI:5702951	http://www.informatics.jax.org/accession/MGI:99918	http://www.ncbi.nlm.nih.gov/gene/4204
http://purl.obolibrary.org/obo/OMIM_312750	http://www.informatics.jax.org/accession/MGI:5702952	http://www.informatics.jax.org/accession/MGI:99918	http://www.ncbi.nlm.nih.gov/gene/4204
http://purl.obolibrary.org/obo/OMIM_312750	http://www.informatics.jax.org/accession/MGI:5529468	http://www.informatics.jax.org/accession/MGI:99918	http://www.ncbi.nlm.nih.gov/gene/4204
http://purl.obolibrary.org/obo/OMIM_312750	http://www.informatics.jax.org/accession/MGI:5584025	http://www.informatics.jax.org/accession/MGI:99918	http://www.ncbi.nlm.nih.gov/gene/4204
http://purl.obolibrary.org/obo/OMIM_271900	http://www.informatics.jax.org/accession/MGI:3027206	http://www.informatics.jax.org/accession/MGI:87914	http://www.ncbi.nlm.nih.gov/gene/443
http://purl.obolibrary.org/obo/OMIM_271900	http://www.informatics.jax.org/accession/MGI:3038607	http://www.informatics.jax.org/accession/MGI:87914	http://www.ncbi.nlm.nih.gov/gene/443
http://purl.obolibrary.org/obo/OMIM_102700	http://www.informatics.jax.org/accession/MGI:2683994	http://www.informatics.jax.org/accession/MGI:87916	http://www.ncbi.nlm.nih.gov/gene/100
http://purl.obolibrary.org/obo/OMIM_241500	http://www.informatics.jax.org/accession/MGI:2654850	http://www.informatics.jax.org/accession/MGI:87983	http://www.ncbi.nlm.nih.gov/gene/249
http://purl.obolibrary.org/obo/OMIM_241500	http://www.informatics.jax.org/accession/MGI:2174902	http://www.informatics.jax.org/accession/MGI:87983	http://www.ncbi.nlm.nih.gov/gene/249
http://purl.obolibrary.org/obo/OMIM_167320	http://www.informatics.jax.org/accession/MGI:5500068	http://www.informatics.jax.org/accession/MGI:99919	http://www.ncbi.nlm.nih.gov/gene/7415
http://purl.obolibrary.org/obo/OMIM_167320	http://www.informatics.jax.org/accession/MGI:4849542	http://www.informatics.jax.org/accession/MGI:99919	http://www.ncbi.nlm.nih.gov/gene/7415
http://purl.obolibrary.org/obo/OMIM_101000	http://www.informatics.jax.org/accession/MGI:5619302	http://www.informatics.jax.org/accession/MGI:97307	http://www.ncbi.nlm.nih.gov/gene/4771
http://purl.obolibrary.org/obo/OMIM_272800	http://www.informatics.jax.org/accession/MGI:2177433	http://www.informatics.jax.org/accession/MGI:96073	http://www.ncbi.nlm.nih.gov/gene/3073
http://purl.obolibrary.org/obo/OMIM_272800	http://www.informatics.jax.org/accession/MGI:2668037	http://www.informatics.jax.org/accession/MGI:96073	http://www.ncbi.nlm.nih.gov/gene/3073
http://purl.obolibrary.org/obo/OMIM_272800	http://www.informatics.jax.org/accession/MGI:3581542	http://www.informatics.jax.org/accession/MGI:96073	http://www.ncbi.nlm.nih.gov/gene/3073
http://purl.obolibrary.org/obo/OMIM_257200	http://www.informatics.jax.org/accession/MGI:3028763	http://www.informatics.jax.org/accession/MGI:98325	http://www.ncbi.nlm.nih.gov/gene/6609
http://purl.obolibrary.org/obo/OMIM_607616	http://www.informatics.jax.org/accession/MGI:3028763	http://www.informatics.jax.org/accession/MGI:98325	http://www.ncbi.nlm.nih.gov/gene/6609
http://purl.obolibrary.org/obo/OMIM_257200	http://www.informatics.jax.org/accession/MGI:3029165	http://www.informatics.jax.org/accession/MGI:98325	http://www.ncbi.nlm.nih.gov/gene/6609
http://purl.obolibrary.org/obo/OMIM_607616	http://www.informatics.jax.org/accession/MGI:3029165	http://www.informatics.jax.org/accession/MGI:98325	http://www.ncbi.nlm.nih.gov/gene/6609
http://purl.obolibrary.org/obo/OMIM_105400	http://www.informatics.jax.org/accession/MGI:5699329	http://www.informatics.jax.org/accession/MGI:98351	http://www.ncbi.nlm.nih.gov/gene/6647
http://purl.obolibrary.org/obo/OMIM_105400	http://www.informatics.jax.org/accession/MGI:5749248	http://www.informatics.jax.org/accession/MGI:98351	http://www.ncbi.nlm.nih.gov/gene/6647
http://purl.obolibrary.org/obo/OMIM_168601	http://www.informatics.jax.org/accession/MGI:5699839	http://www.informatics.jax.org/accession/MGI:1277151	http://www.ncbi.nlm.nih.gov/gene/6622
http://purl.obolibrary.org/obo/OMIM_168601	http://www.informatics.jax.org/accession/MGI:5544308	http://www.informatics.jax.org/accession/MGI:1277151	http://www.ncbi.nlm.nih.gov/gene/6622
http://purl.obolibrary.org/obo/OMIM_168600	http://www.informatics.jax.org/accession/MGI:5544308	http://www.informatics.jax.org/accession/MGI:1277151	http://www.ncbi.nlm.nih.gov/gene/6622
http://purl.obolibrary.org/obo/OMIM_168601	http://www.informatics.jax.org/accession/MGI:5543906	http://www.informatics.jax.org/accession/MGI:1277151	http://www.ncbi.nlm.nih.gov/gene/6622
http://purl.obolibrary.org/obo/OMIM_168601	http://www.informatics.jax.org/accession/MGI:3720759	http://www.informatics.jax.org/accession/MGI:1277151	http://www.ncbi.nlm.nih.gov/gene/6622
http://purl.obolibrary.org/obo/OMIM_168601	http://www.informatics.jax.org/accession/MGI:4421411	http://www.informatics.jax.org/accession/MGI:1277151	http://www.ncbi.nlm.nih.gov/gene/6622
http://purl.obolibrary.org/obo/OMIM_168601	http://www.informatics.jax.org/accession/MGI:4421410	http://www.informatics.jax.org/accession/MGI:1277151	http://www.ncbi.nlm.nih.gov/gene/6622
http://purl.obolibrary.org/obo/OMIM_168601	http://www.informatics.jax.org/accession/MGI:5517669	http://www.informatics.jax.org/accession/MGI:1277151	http://www.ncbi.nlm.nih.gov/gene/6622
http://purl.obolibrary.org/obo/OMIM_228000	http://www.informatics.jax.org/accession/MGI:2655551	http://www.informatics.jax.org/accession/MGI:1277124	http://www.ncbi.nlm.nih.gov/gene/427
http://purl.obolibrary.org/obo/OMIM_601472	http://www.informatics.jax.org/accession/MGI:5308205	http://www.informatics.jax.org/accession/MGI:2449057	http://www.ncbi.nlm.nih.gov/gene/2617
http://purl.obolibrary.org/obo/OMIM_601472	http://www.informatics.jax.org/accession/MGI:3513833	http://www.informatics.jax.org/accession/MGI:2449057	http://www.ncbi.nlm.nih.gov/gene/2617
http://purl.obolibrary.org/obo/OMIM_601472	http://www.informatics.jax.org/accession/MGI:3849420	http://www.informatics.jax.org/accession/MGI:2449057	http://www.ncbi.nlm.nih.gov/gene/2617
http://purl.obolibrary.org/obo/OMIM_204500	http://www.informatics.jax.org/accession/MGI:5512911	http://www.informatics.jax.org/accession/MGI:1336194	http://www.ncbi.nlm.nih.gov/gene/1200
http://purl.obolibrary.org/obo/OMIM_204500	http://www.informatics.jax.org/accession/MGI:3804729	http://www.informatics.jax.org/accession/MGI:1336194	http://www.ncbi.nlm.nih.gov/gene/1200
http://purl.obolibrary.org/obo/OMIM_204500	http://www.informatics.jax.org/accession/MGI:3522157	http://www.informatics.jax.org/accession/MGI:1336194	http://www.ncbi.nlm.nih.gov/gene/1200
http://purl.obolibrary.org/obo/OMIM_204500	http://www.informatics.jax.org/accession/MGI:3804722	http://www.informatics.jax.org/accession/MGI:1336194	http://www.ncbi.nlm.nih.gov/gene/1200
http://purl.obolibrary.org/obo/OMIM_609015	http://www.informatics.jax.org/accession/MGI:3698531	http://www.informatics.jax.org/accession/MGI:2136381	http://www.ncbi.nlm.nih.gov/gene/3032
http://purl.obolibrary.org/obo/OMIM_251260	http://www.informatics.jax.org/accession/MGI:2675319	http://www.informatics.jax.org/accession/MGI:1351625	http://www.ncbi.nlm.nih.gov/gene/4683
http://purl.obolibrary.org/obo/OMIM_251260	http://www.informatics.jax.org/accession/MGI:3573788	http://www.informatics.jax.org/accession/MGI:1351625	http://www.ncbi.nlm.nih.gov/gene/4683
http://purl.obolibrary.org/obo/OMIM_251260	http://www.informatics.jax.org/accession/MGI:3510438	http://www.informatics.jax.org/accession/MGI:1351625	http://www.ncbi.nlm.nih.gov/gene/4683
http://purl.obolibrary.org/obo/OMIM_251260	http://www.informatics.jax.org/accession/MGI:3510439	http://www.informatics.jax.org/accession/MGI:1351625	http://www.ncbi.nlm.nih.gov/gene/4683
http://purl.obolibrary.org/obo/OMIM_251260	http://www.informatics.jax.org/accession/MGI:2682002	http://www.informatics.jax.org/accession/MGI:1351625	http://www.ncbi.nlm.nih.gov/gene/4683
http://purl.obolibrary.org/obo/OMIM_251260	http://www.informatics.jax.org/accession/MGI:2682001	http://www.informatics.jax.org/accession/MGI:1351625	http://www.ncbi.nlm.nih.gov/gene/4683
http://purl.obolibrary.org/obo/OMIM_251260	http://www.informatics.jax.org/accession/MGI:3615834	http://www.informatics.jax.org/accession/MGI:1351625	http://www.ncbi.nlm.nih.gov/gene/4683
http://purl.obolibrary.org/obo/OMIM_219500	http://www.informatics.jax.org/accession/MGI:4840250	http://www.informatics.jax.org/accession/MGI:1339968	http://www.ncbi.nlm.nih.gov/gene/1491
http://purl.obolibrary.org/obo/OMIM_252920	http://www.informatics.jax.org/accession/MGI:2651509	http://www.informatics.jax.org/accession/MGI:1351641	http://www.ncbi.nlm.nih.gov/gene/4669
http://purl.obolibrary.org/obo/OMIM_252920	http://www.informatics.jax.org/accession/MGI:3777760	http://www.informatics.jax.org/accession/MGI:1351641	http://www.ncbi.nlm.nih.gov/gene/4669
http://purl.obolibrary.org/obo/OMIM_252920	http://www.informatics.jax.org/accession/MGI:2651494	http://www.informatics.jax.org/accession/MGI:1351641	http://www.ncbi.nlm.nih.gov/gene/4669
http://purl.obolibrary.org/obo/OMIM_264800	http://www.informatics.jax.org/accession/MGI:3615174	http://www.informatics.jax.org/accession/MGI:1351634	http://www.ncbi.nlm.nih.gov/gene/368
http://purl.obolibrary.org/obo/OMIM_264800	http://www.informatics.jax.org/accession/MGI:3605029	http://www.informatics.jax.org/accession/MGI:1351634	http://www.ncbi.nlm.nih.gov/gene/368
http://purl.obolibrary.org/obo/OMIM_249100	http://www.informatics.jax.org/accession/MGI:5007926	http://www.informatics.jax.org/accession/MGI:1859396	http://www.ncbi.nlm.nih.gov/gene/4210
http://purl.obolibrary.org/obo/OMIM_249100	http://www.informatics.jax.org/accession/MGI:5007927	http://www.informatics.jax.org/accession/MGI:1859396	http://www.ncbi.nlm.nih.gov/gene/4210
http://purl.obolibrary.org/obo/OMIM_249100	http://www.informatics.jax.org/accession/MGI:5007929	http://www.informatics.jax.org/accession/MGI:1859396	http://www.ncbi.nlm.nih.gov/gene/4210
http://purl.obolibrary.org/obo/OMIM_249100	http://www.informatics.jax.org/accession/MGI:2655804	http://www.informatics.jax.org/accession/MGI:1859396	http://www.ncbi.nlm.nih.gov/gene/4210
http://purl.obolibrary.org/obo/OMIM_231000	http://www.informatics.jax.org/accession/MGI:2680399	http://www.informatics.jax.org/accession/MGI:95665	http://www.ncbi.nlm.nih.gov/gene/2629
http://purl.obolibrary.org/obo/OMIM_230800	http://www.informatics.jax.org/accession/MGI:2680399	http://www.informatics.jax.org/accession/MGI:95665	http://www.ncbi.nlm.nih.gov/gene/2629
http://purl.obolibrary.org/obo/OMIM_231000	http://www.informatics.jax.org/accession/MGI:2680512	http://www.informatics.jax.org/accession/MGI:95665	http://www.ncbi.nlm.nih.gov/gene/2629
http://purl.obolibrary.org/obo/OMIM_230800	http://www.informatics.jax.org/accession/MGI:2680512	http://www.informatics.jax.org/accession/MGI:95665	http://www.ncbi.nlm.nih.gov/gene/2629
http://purl.obolibrary.org/obo/OMIM_231000	http://www.informatics.jax.org/accession/MGI:2680504	http://www.informatics.jax.org/accession/MGI:95665	http://www.ncbi.nlm.nih.gov/gene/2629
http://purl.obolibrary.org/obo/OMIM_230800	http://www.informatics.jax.org/accession/MGI:2680504	http://www.informatics.jax.org/accession/MGI:95665	http://www.ncbi.nlm.nih.gov/gene/2629
http://purl.obolibrary.org/obo/OMIM_230900	http://www.informatics.jax.org/accession/MGI:2177138	http://www.informatics.jax.org/accession/MGI:95665	http://www.ncbi.nlm.nih.gov/gene/2629
http://purl.obolibrary.org/obo/OMIM_230900	http://www.informatics.jax.org/accession/MGI:3764515	http://www.informatics.jax.org/accession/MGI:95665	http://www.ncbi.nlm.nih.gov/gene/2629
http://purl.obolibrary.org/obo/OMIM_230800	http://www.informatics.jax.org/accession/MGI:3699178	http://www.informatics.jax.org/accession/MGI:95665	http://www.ncbi.nlm.nih.gov/gene/2629
http://purl.obolibrary.org/obo/OMIM_230800	http://www.informatics.jax.org/accession/MGI:3688418	http://www.informatics.jax.org/accession/MGI:95665	http://www.ncbi.nlm.nih.gov/gene/2629
http://purl.obolibrary.org/obo/OMIM_230800	http://www.informatics.jax.org/accession/MGI:3688419	http://www.informatics.jax.org/accession/MGI:95665	http://www.ncbi.nlm.nih.gov/gene/2629
http://purl.obolibrary.org/obo/OMIM_231000	http://www.informatics.jax.org/accession/MGI:2680386	http://www.informatics.jax.org/accession/MGI:95665	http://www.ncbi.nlm.nih.gov/gene/2629
http://purl.obolibrary.org/obo/OMIM_230800	http://www.informatics.jax.org/accession/MGI:2680386	http://www.informatics.jax.org/accession/MGI:95665	http://www.ncbi.nlm.nih.gov/gene/2629
http://purl.obolibrary.org/obo/OMIM_231000	http://www.informatics.jax.org/accession/MGI:2680393	http://www.informatics.jax.org/accession/MGI:95665	http://www.ncbi.nlm.nih.gov/gene/2629
http://purl.obolibrary.org/obo/OMIM_230800	http://www.informatics.jax.org/accession/MGI:2680393	http://www.informatics.jax.org/accession/MGI:95665	http://www.ncbi.nlm.nih.gov/gene/2629
http://purl.obolibrary.org/obo/OMIM_231000	http://www.informatics.jax.org/accession/MGI:5287721	http://www.informatics.jax.org/accession/MGI:95665	http://www.ncbi.nlm.nih.gov/gene/2629
http://purl.obolibrary.org/obo/OMIM_230900	http://www.informatics.jax.org/accession/MGI:5287721	http://www.informatics.jax.org/accession/MGI:95665	http://www.ncbi.nlm.nih.gov/gene/2629
http://purl.obolibrary.org/obo/OMIM_230800	http://www.informatics.jax.org/accession/MGI:5287721	http://www.informatics.jax.org/accession/MGI:95665	http://www.ncbi.nlm.nih.gov/gene/2629
http://purl.obolibrary.org/obo/OMIM_231000	http://www.informatics.jax.org/accession/MGI:2680502	http://www.informatics.jax.org/accession/MGI:95665	http://www.ncbi.nlm.nih.gov/gene/2629
http://purl.obolibrary.org/obo/OMIM_230800	http://www.informatics.jax.org/accession/MGI:2680502	http://www.informatics.jax.org/accession/MGI:95665	http://www.ncbi.nlm.nih.gov/gene/2629
http://purl.obolibrary.org/obo/OMIM_231000	http://www.informatics.jax.org/accession/MGI:2680509	http://www.informatics.jax.org/accession/MGI:95665	http://www.ncbi.nlm.nih.gov/gene/2629
http://purl.obolibrary.org/obo/OMIM_230800	http://www.informatics.jax.org/accession/MGI:2680509	http://www.informatics.jax.org/accession/MGI:95665	http://www.ncbi.nlm.nih.gov/gene/2629
http://purl.obolibrary.org/obo/OMIM_230800	http://www.informatics.jax.org/accession/MGI:4867688	http://www.informatics.jax.org/accession/MGI:95665	http://www.ncbi.nlm.nih.gov/gene/2629
http://purl.obolibrary.org/obo/OMIM_230800	http://www.informatics.jax.org/accession/MGI:4867689	http://www.informatics.jax.org/accession/MGI:95665	http://www.ncbi.nlm.nih.gov/gene/2629
http://purl.obolibrary.org/obo/OMIM_262500	http://www.informatics.jax.org/accession/MGI:2681520	http://www.informatics.jax.org/accession/MGI:95708	http://www.ncbi.nlm.nih.gov/gene/2690
http://purl.obolibrary.org/obo/OMIM_262500	http://www.informatics.jax.org/accession/MGI:3796418	http://www.informatics.jax.org/accession/MGI:95708	http://www.ncbi.nlm.nih.gov/gene/2690
http://purl.obolibrary.org/obo/OMIM_220290	http://www.informatics.jax.org/accession/MGI:5571190	http://www.informatics.jax.org/accession/MGI:95720	http://www.ncbi.nlm.nih.gov/gene/2706
http://purl.obolibrary.org/obo/OMIM_220290	http://www.informatics.jax.org/accession/MGI:3588875	http://www.informatics.jax.org/accession/MGI:95720	http://www.ncbi.nlm.nih.gov/gene/2706
http://purl.obolibrary.org/obo/OMIM_143890	http://www.informatics.jax.org/accession/MGI:3574185	http://www.informatics.jax.org/accession/MGI:96765	http://www.ncbi.nlm.nih.gov/gene/3949
http://purl.obolibrary.org/obo/OMIM_143890	http://www.informatics.jax.org/accession/MGI:3611043	http://www.informatics.jax.org/accession/MGI:96765	http://www.ncbi.nlm.nih.gov/gene/3949
http://purl.obolibrary.org/obo/OMIM_143890	http://www.informatics.jax.org/accession/MGI:4367101	http://www.informatics.jax.org/accession/MGI:96765	http://www.ncbi.nlm.nih.gov/gene/3949
http://purl.obolibrary.org/obo/OMIM_143890	http://www.informatics.jax.org/accession/MGI:3691620	http://www.informatics.jax.org/accession/MGI:96765	http://www.ncbi.nlm.nih.gov/gene/3949
http://purl.obolibrary.org/obo/OMIM_143890	http://www.informatics.jax.org/accession/MGI:3622656	http://www.informatics.jax.org/accession/MGI:96765	http://www.ncbi.nlm.nih.gov/gene/3949
http://purl.obolibrary.org/obo/OMIM_143890	http://www.informatics.jax.org/accession/MGI:3622102	http://www.informatics.jax.org/accession/MGI:96765	http://www.ncbi.nlm.nih.gov/gene/3949
http://purl.obolibrary.org/obo/OMIM_143890	http://www.informatics.jax.org/accession/MGI:3622101	http://www.informatics.jax.org/accession/MGI:96765	http://www.ncbi.nlm.nih.gov/gene/3949
http://purl.obolibrary.org/obo/OMIM_278730	http://www.informatics.jax.org/accession/MGI:3696354	http://www.informatics.jax.org/accession/MGI:95413	http://www.ncbi.nlm.nih.gov/gene/2068
http://purl.obolibrary.org/obo/OMIM_601675	http://www.informatics.jax.org/accession/MGI:2386443	http://www.informatics.jax.org/accession/MGI:95413	http://www.ncbi.nlm.nih.gov/gene/2068
http://purl.obolibrary.org/obo/OMIM_601675	http://www.informatics.jax.org/accession/MGI:2386447	http://www.informatics.jax.org/accession/MGI:95413	http://www.ncbi.nlm.nih.gov/gene/2068
http://purl.obolibrary.org/obo/OMIM_601675	http://www.informatics.jax.org/accession/MGI:2386444	http://www.informatics.jax.org/accession/MGI:95413	http://www.ncbi.nlm.nih.gov/gene/2068
http://purl.obolibrary.org/obo/OMIM_154700	http://www.informatics.jax.org/accession/MGI:3690327	http://www.informatics.jax.org/accession/MGI:95489	http://www.ncbi.nlm.nih.gov/gene/2200
http://purl.obolibrary.org/obo/OMIM_154700	http://www.informatics.jax.org/accession/MGI:3619415	http://www.informatics.jax.org/accession/MGI:95489	http://www.ncbi.nlm.nih.gov/gene/2200
http://purl.obolibrary.org/obo/OMIM_154700	http://www.informatics.jax.org/accession/MGI:3619460	http://www.informatics.jax.org/accession/MGI:95489	http://www.ncbi.nlm.nih.gov/gene/2200
http://purl.obolibrary.org/obo/OMIM_154700	http://www.informatics.jax.org/accession/MGI:4880671	http://www.informatics.jax.org/accession/MGI:95489	http://www.ncbi.nlm.nih.gov/gene/2200
http://purl.obolibrary.org/obo/OMIM_154700	http://www.informatics.jax.org/accession/MGI:4880670	http://www.informatics.jax.org/accession/MGI:95489	http://www.ncbi.nlm.nih.gov/gene/2200
http://purl.obolibrary.org/obo/OMIM_154700	http://www.informatics.jax.org/accession/MGI:3604814	http://www.informatics.jax.org/accession/MGI:95489	http://www.ncbi.nlm.nih.gov/gene/2200
http://purl.obolibrary.org/obo/OMIM_154700	http://www.informatics.jax.org/accession/MGI:3619520	http://www.informatics.jax.org/accession/MGI:95489	http://www.ncbi.nlm.nih.gov/gene/2200
http://purl.obolibrary.org/obo/OMIM_154700	http://www.informatics.jax.org/accession/MGI:3652414	http://www.informatics.jax.org/accession/MGI:95489	http://www.ncbi.nlm.nih.gov/gene/2200
http://purl.obolibrary.org/obo/OMIM_180100	http://www.informatics.jax.org/accession/MGI:5604912	http://www.informatics.jax.org/accession/MGI:1341105	http://www.ncbi.nlm.nih.gov/gene/6101
http://purl.obolibrary.org/obo/OMIM_180100	http://www.informatics.jax.org/accession/MGI:3038333	http://www.informatics.jax.org/accession/MGI:1341105	http://www.ncbi.nlm.nih.gov/gene/6101
http://purl.obolibrary.org/obo/OMIM_100800	http://www.informatics.jax.org/accession/MGI:3640338	http://www.informatics.jax.org/accession/MGI:95524	http://www.ncbi.nlm.nih.gov/gene/2261
http://purl.obolibrary.org/obo/OMIM_100800	http://www.informatics.jax.org/accession/MGI:3640343	http://www.informatics.jax.org/accession/MGI:95524	http://www.ncbi.nlm.nih.gov/gene/2261
http://purl.obolibrary.org/obo/OMIM_100800	http://www.informatics.jax.org/accession/MGI:3640358	http://www.informatics.jax.org/accession/MGI:95524	http://www.ncbi.nlm.nih.gov/gene/2261
http://purl.obolibrary.org/obo/OMIM_187600	http://www.informatics.jax.org/accession/MGI:3640358	http://www.informatics.jax.org/accession/MGI:95524	http://www.ncbi.nlm.nih.gov/gene/2261
http://purl.obolibrary.org/obo/OMIM_100800	http://www.informatics.jax.org/accession/MGI:3640198	http://www.informatics.jax.org/accession/MGI:95524	http://www.ncbi.nlm.nih.gov/gene/2261
http://purl.obolibrary.org/obo/OMIM_187600	http://www.informatics.jax.org/accession/MGI:3840080	http://www.informatics.jax.org/accession/MGI:95524	http://www.ncbi.nlm.nih.gov/gene/2261
http://purl.obolibrary.org/obo/OMIM_100800	http://www.informatics.jax.org/accession/MGI:5551435	http://www.informatics.jax.org/accession/MGI:95524	http://www.ncbi.nlm.nih.gov/gene/2261
http://purl.obolibrary.org/obo/OMIM_100800	http://www.informatics.jax.org/accession/MGI:3639744	http://www.informatics.jax.org/accession/MGI:95524	http://www.ncbi.nlm.nih.gov/gene/2261
http://purl.obolibrary.org/obo/OMIM_100800	http://www.informatics.jax.org/accession/MGI:3586593	http://www.informatics.jax.org/accession/MGI:95524	http://www.ncbi.nlm.nih.gov/gene/2261
http://purl.obolibrary.org/obo/OMIM_300624	http://www.informatics.jax.org/accession/MGI:5292357	http://www.informatics.jax.org/accession/MGI:95564	http://www.ncbi.nlm.nih.gov/gene/2332
http://purl.obolibrary.org/obo/OMIM_300624	http://www.informatics.jax.org/accession/MGI:4366351	http://www.informatics.jax.org/accession/MGI:95564	http://www.ncbi.nlm.nih.gov/gene/2332
http://purl.obolibrary.org/obo/OMIM_300624	http://www.informatics.jax.org/accession/MGI:2665400	http://www.informatics.jax.org/accession/MGI:95564	http://www.ncbi.nlm.nih.gov/gene/2332
http://purl.obolibrary.org/obo/OMIM_300624	http://www.informatics.jax.org/accession/MGI:4366442	http://www.informatics.jax.org/accession/MGI:95564	http://www.ncbi.nlm.nih.gov/gene/2332
http://purl.obolibrary.org/obo/OMIM_300624	http://www.informatics.jax.org/accession/MGI:2665401	http://www.informatics.jax.org/accession/MGI:95564	http://www.ncbi.nlm.nih.gov/gene/2332
http://purl.obolibrary.org/obo/OMIM_300624	http://www.informatics.jax.org/accession/MGI:3604219	http://www.informatics.jax.org/accession/MGI:95564	http://www.ncbi.nlm.nih.gov/gene/2332
http://purl.obolibrary.org/obo/OMIM_300624	http://www.informatics.jax.org/accession/MGI:4950076	http://www.informatics.jax.org/accession/MGI:95564	http://www.ncbi.nlm.nih.gov/gene/2332
http://purl.obolibrary.org/obo/OMIM_300624	http://www.informatics.jax.org/accession/MGI:4415714	http://www.informatics.jax.org/accession/MGI:95564	http://www.ncbi.nlm.nih.gov/gene/2332
http://purl.obolibrary.org/obo/OMIM_234500	http://www.informatics.jax.org/accession/MGI:5289692	http://www.informatics.jax.org/accession/MGI:1921588	http://www.ncbi.nlm.nih.gov/gene/340024
http://purl.obolibrary.org/obo/OMIM_216400	http://www.informatics.jax.org/accession/MGI:2663252	http://www.informatics.jax.org/accession/MGI:1919241	http://www.ncbi.nlm.nih.gov/gene/1161
http://purl.obolibrary.org/obo/OMIM_216400	http://www.informatics.jax.org/accession/MGI:5697079	http://www.informatics.jax.org/accession/MGI:1919241	http://www.ncbi.nlm.nih.gov/gene/1161
http://purl.obolibrary.org/obo/OMIM_232300	http://www.informatics.jax.org/accession/MGI:5620663	http://www.informatics.jax.org/accession/MGI:95609	http://www.ncbi.nlm.nih.gov/gene/2548
http://purl.obolibrary.org/obo/OMIM_232300	http://www.informatics.jax.org/accession/MGI:3033756	http://www.informatics.jax.org/accession/MGI:95609	http://www.ncbi.nlm.nih.gov/gene/2548
http://purl.obolibrary.org/obo/OMIM_232300	http://www.informatics.jax.org/accession/MGI:3624424	http://www.informatics.jax.org/accession/MGI:95609	http://www.ncbi.nlm.nih.gov/gene/2548
http://purl.obolibrary.org/obo/OMIM_232300	http://www.informatics.jax.org/accession/MGI:3624423	http://www.informatics.jax.org/accession/MGI:95609	http://www.ncbi.nlm.nih.gov/gene/2548
http://purl.obolibrary.org/obo/OMIM_232300	http://www.informatics.jax.org/accession/MGI:3619140	http://www.informatics.jax.org/accession/MGI:95609	http://www.ncbi.nlm.nih.gov/gene/2548
http://purl.obolibrary.org/obo/OMIM_277700	http://www.informatics.jax.org/accession/MGI:3700822	http://www.informatics.jax.org/accession/MGI:109635	http://www.ncbi.nlm.nih.gov/gene/7486
http://purl.obolibrary.org/obo/OMIM_277700	http://www.informatics.jax.org/accession/MGI:3665480	http://www.informatics.jax.org/accession/MGI:109635	http://www.ncbi.nlm.nih.gov/gene/7486
http://purl.obolibrary.org/obo/OMIM_232600	http://www.informatics.jax.org/accession/MGI:5696978	http://www.informatics.jax.org/accession/MGI:97830	http://www.ncbi.nlm.nih.gov/gene/5837
http://purl.obolibrary.org/obo/OMIM_210900	http://www.informatics.jax.org/accession/MGI:3582673	http://www.informatics.jax.org/accession/MGI:1328362	http://www.ncbi.nlm.nih.gov/gene/641
http://purl.obolibrary.org/obo/OMIM_210900	http://www.informatics.jax.org/accession/MGI:3582674	http://www.informatics.jax.org/accession/MGI:1328362	http://www.ncbi.nlm.nih.gov/gene/641
http://purl.obolibrary.org/obo/OMIM_210900	http://www.informatics.jax.org/accession/MGI:2683844	http://www.informatics.jax.org/accession/MGI:1328362	http://www.ncbi.nlm.nih.gov/gene/641
http://purl.obolibrary.org/obo/OMIM_210900	http://www.informatics.jax.org/accession/MGI:3664440	http://www.informatics.jax.org/accession/MGI:1328362	http://www.ncbi.nlm.nih.gov/gene/641
http://purl.obolibrary.org/obo/OMIM_210900	http://www.informatics.jax.org/accession/MGI:2683845	http://www.informatics.jax.org/accession/MGI:1328362	http://www.ncbi.nlm.nih.gov/gene/641
http://purl.obolibrary.org/obo/OMIM_210900	http://www.informatics.jax.org/accession/MGI:3664441	http://www.informatics.jax.org/accession/MGI:1328362	http://www.ncbi.nlm.nih.gov/gene/641
http://purl.obolibrary.org/obo/OMIM_210900	http://www.informatics.jax.org/accession/MGI:2683906	http://www.informatics.jax.org/accession/MGI:1328362	http://www.ncbi.nlm.nih.gov/gene/641
http://purl.obolibrary.org/obo/OMIM_214100	http://www.informatics.jax.org/accession/MGI:5571189	http://www.informatics.jax.org/accession/MGI:1918632	http://www.ncbi.nlm.nih.gov/gene/5189
http://purl.obolibrary.org/obo/OMIM_162300	http://www.informatics.jax.org/accession/MGI:3583335	http://www.informatics.jax.org/accession/MGI:97902	http://www.ncbi.nlm.nih.gov/gene/5979
http://purl.obolibrary.org/obo/OMIM_162300	http://www.informatics.jax.org/accession/MGI:3583331	http://www.informatics.jax.org/accession/MGI:97902	http://www.ncbi.nlm.nih.gov/gene/5979
http://purl.obolibrary.org/obo/OMIM_268000	http://www.informatics.jax.org/accession/MGI:4455028	http://www.informatics.jax.org/accession/MGI:97914	http://www.ncbi.nlm.nih.gov/gene/6010
http://purl.obolibrary.org/obo/OMIM_268000	http://www.informatics.jax.org/accession/MGI:4455027	http://www.informatics.jax.org/accession/MGI:97914	http://www.ncbi.nlm.nih.gov/gene/6010
http://purl.obolibrary.org/obo/OMIM_219800	http://www.informatics.jax.org/accession/MGI:2672886	http://www.informatics.jax.org/accession/MGI:1932872	http://www.ncbi.nlm.nih.gov/gene/1497
http://purl.obolibrary.org/obo/OMIM_187950	http://www.informatics.jax.org/accession/MGI:4836619	http://www.informatics.jax.org/accession/MGI:96629	http://www.ncbi.nlm.nih.gov/gene/3717
http://purl.obolibrary.org/obo/OMIM_172800	http://www.informatics.jax.org/accession/MGI:5523971	http://www.informatics.jax.org/accession/MGI:96677	http://www.ncbi.nlm.nih.gov/gene/3815
http://purl.obolibrary.org/obo/OMIM_208900	http://www.informatics.jax.org/accession/MGI:2175707	http://www.informatics.jax.org/accession/MGI:107202	http://www.ncbi.nlm.nih.gov/gene/472
http://purl.obolibrary.org/obo/OMIM_208900	http://www.informatics.jax.org/accession/MGI:2175703	http://www.informatics.jax.org/accession/MGI:107202	http://www.ncbi.nlm.nih.gov/gene/472
http://purl.obolibrary.org/obo/OMIM_208900	http://www.informatics.jax.org/accession/MGI:2181774	http://www.informatics.jax.org/accession/MGI:107202	http://www.ncbi.nlm.nih.gov/gene/472
http://purl.obolibrary.org/obo/OMIM_208900	http://www.informatics.jax.org/accession/MGI:2175706	http://www.informatics.jax.org/accession/MGI:107202	http://www.ncbi.nlm.nih.gov/gene/472
http://purl.obolibrary.org/obo/OMIM_208900	http://www.informatics.jax.org/accession/MGI:5644542	http://www.informatics.jax.org/accession/MGI:107202	http://www.ncbi.nlm.nih.gov/gene/472
http://purl.obolibrary.org/obo/OMIM_208900	http://www.informatics.jax.org/accession/MGI:2175710	http://www.informatics.jax.org/accession/MGI:107202	http://www.ncbi.nlm.nih.gov/gene/472
http://purl.obolibrary.org/obo/OMIM_208900	http://www.informatics.jax.org/accession/MGI:2175708	http://www.informatics.jax.org/accession/MGI:107202	http://www.ncbi.nlm.nih.gov/gene/472
http://purl.obolibrary.org/obo/OMIM_248500	http://www.informatics.jax.org/accession/MGI:3603566	http://www.informatics.jax.org/accession/MGI:107286	http://www.ncbi.nlm.nih.gov/gene/4125
http://purl.obolibrary.org/obo/OMIM_223800	http://www.informatics.jax.org/accession/MGI:3817313	http://www.informatics.jax.org/accession/MGI:1918480	http://www.ncbi.nlm.nih.gov/gene/54808
http://purl.obolibrary.org/obo/OMIM_118220	http://www.informatics.jax.org/accession/MGI:3794294	http://www.informatics.jax.org/accession/MGI:97631	http://www.ncbi.nlm.nih.gov/gene/5376
http://purl.obolibrary.org/obo/OMIM_118220	http://www.informatics.jax.org/accession/MGI:3794288	http://www.informatics.jax.org/accession/MGI:97631	http://www.ncbi.nlm.nih.gov/gene/5376
http://purl.obolibrary.org/obo/OMIM_118220	http://www.informatics.jax.org/accession/MGI:5515892	http://www.informatics.jax.org/accession/MGI:97631	http://www.ncbi.nlm.nih.gov/gene/5376
http://purl.obolibrary.org/obo/OMIM_312080	http://www.informatics.jax.org/accession/MGI:3838180	http://www.informatics.jax.org/accession/MGI:97623	http://www.ncbi.nlm.nih.gov/gene/5354
http://purl.obolibrary.org/obo/OMIM_312080	http://www.informatics.jax.org/accession/MGI:3828308	http://www.informatics.jax.org/accession/MGI:97623	http://www.ncbi.nlm.nih.gov/gene/5354
http://purl.obolibrary.org/obo/OMIM_312080	http://www.informatics.jax.org/accession/MGI:3711151	http://www.informatics.jax.org/accession/MGI:97623	http://www.ncbi.nlm.nih.gov/gene/5354
http://purl.obolibrary.org/obo/OMIM_312080	http://www.informatics.jax.org/accession/MGI:3711148	http://www.informatics.jax.org/accession/MGI:97623	http://www.ncbi.nlm.nih.gov/gene/5354
http://purl.obolibrary.org/obo/OMIM_607014	http://www.informatics.jax.org/accession/MGI:2651485	http://www.informatics.jax.org/accession/MGI:96418	http://www.ncbi.nlm.nih.gov/gene/3425
http://purl.obolibrary.org/obo/OMIM_607016	http://www.informatics.jax.org/accession/MGI:2651485	http://www.informatics.jax.org/accession/MGI:96418	http://www.ncbi.nlm.nih.gov/gene/3425
http://purl.obolibrary.org/obo/OMIM_607014	http://www.informatics.jax.org/accession/MGI:3587410	http://www.informatics.jax.org/accession/MGI:96418	http://www.ncbi.nlm.nih.gov/gene/3425
http://purl.obolibrary.org/obo/OMIM_607014	http://www.informatics.jax.org/accession/MGI:3839661	http://www.informatics.jax.org/accession/MGI:96418	http://www.ncbi.nlm.nih.gov/gene/3425
http://purl.obolibrary.org/obo/OMIM_607014	http://www.informatics.jax.org/accession/MGI:3580456	http://www.informatics.jax.org/accession/MGI:96418	http://www.ncbi.nlm.nih.gov/gene/3425
http://purl.obolibrary.org/obo/OMIM_607014	http://www.informatics.jax.org/accession/MGI:4415196	http://www.informatics.jax.org/accession/MGI:96418	http://www.ncbi.nlm.nih.gov/gene/3425
http://purl.obolibrary.org/obo/OMIM_253600	http://www.informatics.jax.org/accession/MGI:2659043	http://www.informatics.jax.org/accession/MGI:107437	http://www.ncbi.nlm.nih.gov/gene/825
http://purl.obolibrary.org/obo/OMIM_253600	http://www.informatics.jax.org/accession/MGI:4829971	http://www.informatics.jax.org/accession/MGI:107437	http://www.ncbi.nlm.nih.gov/gene/825
http://purl.obolibrary.org/obo/OMIM_249700	http://www.informatics.jax.org/accession/MGI:3628806	http://www.informatics.jax.org/accession/MGI:1201673	http://www.ncbi.nlm.nih.gov/gene/6473
http://purl.obolibrary.org/obo/OMIM_125850	http://www.informatics.jax.org/accession/MGI:3653173	http://www.informatics.jax.org/accession/MGI:109128	http://www.ncbi.nlm.nih.gov/gene/3172
http://purl.obolibrary.org/obo/OMIM_235200	http://www.informatics.jax.org/accession/MGI:3839782	http://www.informatics.jax.org/accession/MGI:109191	http://www.ncbi.nlm.nih.gov/gene/3077
http://purl.obolibrary.org/obo/OMIM_235200	http://www.informatics.jax.org/accession/MGI:2655503	http://www.informatics.jax.org/accession/MGI:109191	http://www.ncbi.nlm.nih.gov/gene/3077
http://purl.obolibrary.org/obo/OMIM_235200	http://www.informatics.jax.org/accession/MGI:2655513	http://www.informatics.jax.org/accession/MGI:109191	http://www.ncbi.nlm.nih.gov/gene/3077
http://purl.obolibrary.org/obo/OMIM_235200	http://www.informatics.jax.org/accession/MGI:2655512	http://www.informatics.jax.org/accession/MGI:109191	http://www.ncbi.nlm.nih.gov/gene/3077
http://purl.obolibrary.org/obo/OMIM_235200	http://www.informatics.jax.org/accession/MGI:2655482	http://www.informatics.jax.org/accession/MGI:109191	http://www.ncbi.nlm.nih.gov/gene/3077
http://purl.obolibrary.org/obo/OMIM_235200	http://www.informatics.jax.org/accession/MGI:2655506	http://www.informatics.jax.org/accession/MGI:109191	http://www.ncbi.nlm.nih.gov/gene/3077
http://purl.obolibrary.org/obo/OMIM_235200	http://www.informatics.jax.org/accession/MGI:3775649	http://www.informatics.jax.org/accession/MGI:109191	http://www.ncbi.nlm.nih.gov/gene/3077
http://purl.obolibrary.org/obo/OMIM_235200	http://www.informatics.jax.org/accession/MGI:3839772	http://www.informatics.jax.org/accession/MGI:109191	http://www.ncbi.nlm.nih.gov/gene/3077
http://purl.obolibrary.org/obo/OMIM_235200	http://www.informatics.jax.org/accession/MGI:3033466	http://www.informatics.jax.org/accession/MGI:109191	http://www.ncbi.nlm.nih.gov/gene/3077
http://purl.obolibrary.org/obo/OMIM_235200	http://www.informatics.jax.org/accession/MGI:3033465	http://www.informatics.jax.org/accession/MGI:109191	http://www.ncbi.nlm.nih.gov/gene/3077
http://purl.obolibrary.org/obo/OMIM_235200	http://www.informatics.jax.org/accession/MGI:3033467	http://www.informatics.jax.org/accession/MGI:109191	http://www.ncbi.nlm.nih.gov/gene/3077
http://purl.obolibrary.org/obo/OMIM_235200	http://www.informatics.jax.org/accession/MGI:3033469	http://www.informatics.jax.org/accession/MGI:109191	http://www.ncbi.nlm.nih.gov/gene/3077
http://purl.obolibrary.org/obo/OMIM_235200	http://www.informatics.jax.org/accession/MGI:3033464	http://www.informatics.jax.org/accession/MGI:109191	http://www.ncbi.nlm.nih.gov/gene/3077
http://purl.obolibrary.org/obo/OMIM_310200	http://www.informatics.jax.org/accession/MGI:5688354	http://www.informatics.jax.org/accession/MGI:94909	http://www.ncbi.nlm.nih.gov/gene/1756
http://purl.obolibrary.org/obo/OMIM_310200	http://www.informatics.jax.org/accession/MGI:3798607	http://www.informatics.jax.org/accession/MGI:94909	http://www.ncbi.nlm.nih.gov/gene/1756
http://purl.obolibrary.org/obo/OMIM_310200	http://www.informatics.jax.org/accession/MGI:5439173	http://www.informatics.jax.org/accession/MGI:94909	http://www.ncbi.nlm.nih.gov/gene/1756
http://purl.obolibrary.org/obo/OMIM_310200	http://www.informatics.jax.org/accession/MGI:5439179	http://www.informatics.jax.org/accession/MGI:94909	http://www.ncbi.nlm.nih.gov/gene/1756
http://purl.obolibrary.org/obo/OMIM_310200	http://www.informatics.jax.org/accession/MGI:4936865	http://www.informatics.jax.org/accession/MGI:94909	http://www.ncbi.nlm.nih.gov/gene/1756
http://purl.obolibrary.org/obo/OMIM_310200	http://www.informatics.jax.org/accession/MGI:2176876	http://www.informatics.jax.org/accession/MGI:94909	http://www.ncbi.nlm.nih.gov/gene/1756
http://purl.obolibrary.org/obo/OMIM_310200	http://www.informatics.jax.org/accession/MGI:2175830	http://www.informatics.jax.org/accession/MGI:94909	http://www.ncbi.nlm.nih.gov/gene/1756
http://purl.obolibrary.org/obo/OMIM_310200	http://www.informatics.jax.org/accession/MGI:3655090	http://www.informatics.jax.org/accession/MGI:94909	http://www.ncbi.nlm.nih.gov/gene/1756
http://purl.obolibrary.org/obo/OMIM_310200	http://www.informatics.jax.org/accession/MGI:5697652	http://www.informatics.jax.org/accession/MGI:94909	http://www.ncbi.nlm.nih.gov/gene/1756
http://purl.obolibrary.org/obo/OMIM_310200	http://www.informatics.jax.org/accession/MGI:2175829	http://www.informatics.jax.org/accession/MGI:94909	http://www.ncbi.nlm.nih.gov/gene/1756
http://purl.obolibrary.org/obo/OMIM_310200	http://www.informatics.jax.org/accession/MGI:2176891	http://www.informatics.jax.org/accession/MGI:94909	http://www.ncbi.nlm.nih.gov/gene/1756
http://purl.obolibrary.org/obo/OMIM_310200	http://www.informatics.jax.org/accession/MGI:2176879	http://www.informatics.jax.org/accession/MGI:94909	http://www.ncbi.nlm.nih.gov/gene/1756
http://purl.obolibrary.org/obo/OMIM_310200	http://www.informatics.jax.org/accession/MGI:3655088	http://www.informatics.jax.org/accession/MGI:94909	http://www.ncbi.nlm.nih.gov/gene/1756
http://purl.obolibrary.org/obo/OMIM_310200	http://www.informatics.jax.org/accession/MGI:2176892	http://www.informatics.jax.org/accession/MGI:94909	http://www.ncbi.nlm.nih.gov/gene/1756
http://purl.obolibrary.org/obo/OMIM_310200	http://www.informatics.jax.org/accession/MGI:3784305	http://www.informatics.jax.org/accession/MGI:94909	http://www.ncbi.nlm.nih.gov/gene/1756
http://purl.obolibrary.org/obo/OMIM_310200	http://www.informatics.jax.org/accession/MGI:3573782	http://www.informatics.jax.org/accession/MGI:94909	http://www.ncbi.nlm.nih.gov/gene/1756
http://purl.obolibrary.org/obo/OMIM_310200	http://www.informatics.jax.org/accession/MGI:2176880	http://www.informatics.jax.org/accession/MGI:94909	http://www.ncbi.nlm.nih.gov/gene/1756
http://purl.obolibrary.org/obo/OMIM_310200	http://www.informatics.jax.org/accession/MGI:3722314	http://www.informatics.jax.org/accession/MGI:94909	http://www.ncbi.nlm.nih.gov/gene/1756
http://purl.obolibrary.org/obo/OMIM_310200	http://www.informatics.jax.org/accession/MGI:3798606	http://www.informatics.jax.org/accession/MGI:94909	http://www.ncbi.nlm.nih.gov/gene/1756
http://purl.obolibrary.org/obo/OMIM_310200	http://www.informatics.jax.org/accession/MGI:5529018	http://www.informatics.jax.org/accession/MGI:94909	http://www.ncbi.nlm.nih.gov/gene/1756
http://purl.obolibrary.org/obo/OMIM_310200	http://www.informatics.jax.org/accession/MGI:3798621	http://www.informatics.jax.org/accession/MGI:94909	http://www.ncbi.nlm.nih.gov/gene/1756
http://purl.obolibrary.org/obo/OMIM_310200	http://www.informatics.jax.org/accession/MGI:3798788	http://www.informatics.jax.org/accession/MGI:94909	http://www.ncbi.nlm.nih.gov/gene/1756
http://purl.obolibrary.org/obo/OMIM_160900	http://www.informatics.jax.org/accession/MGI:3613741	http://www.informatics.jax.org/accession/MGI:94906	http://www.ncbi.nlm.nih.gov/gene/1760
http://purl.obolibrary.org/obo/OMIM_160900	http://www.informatics.jax.org/accession/MGI:3613697	http://www.informatics.jax.org/accession/MGI:94906	http://www.ncbi.nlm.nih.gov/gene/1760
http://purl.obolibrary.org/obo/OMIM_600116	http://www.informatics.jax.org/accession/MGI:3814329	http://www.informatics.jax.org/accession/MGI:1355296	http://www.ncbi.nlm.nih.gov/gene/5071
http://purl.obolibrary.org/obo/OMIM_600116	http://www.informatics.jax.org/accession/MGI:3814328	http://www.informatics.jax.org/accession/MGI:1355296	http://www.ncbi.nlm.nih.gov/gene/5071
http://purl.obolibrary.org/obo/OMIM_600116	http://www.informatics.jax.org/accession/MGI:3814331	http://www.informatics.jax.org/accession/MGI:1355296	http://www.ncbi.nlm.nih.gov/gene/5071
http://purl.obolibrary.org/obo/OMIM_600116	http://www.informatics.jax.org/accession/MGI:3814330	http://www.informatics.jax.org/accession/MGI:1355296	http://www.ncbi.nlm.nih.gov/gene/5071
http://purl.obolibrary.org/obo/OMIM_600116	http://www.informatics.jax.org/accession/MGI:3050555	http://www.informatics.jax.org/accession/MGI:1355296	http://www.ncbi.nlm.nih.gov/gene/5071
http://purl.obolibrary.org/obo/OMIM_600116	http://www.informatics.jax.org/accession/MGI:2678248	http://www.informatics.jax.org/accession/MGI:1355296	http://www.ncbi.nlm.nih.gov/gene/5071
http://purl.obolibrary.org/obo/OMIM_600116	http://www.informatics.jax.org/accession/MGI:3757750	http://www.informatics.jax.org/accession/MGI:1355296	http://www.ncbi.nlm.nih.gov/gene/5071
http://purl.obolibrary.org/obo/OMIM_600116	http://www.informatics.jax.org/accession/MGI:2681434	http://www.informatics.jax.org/accession/MGI:1355296	http://www.ncbi.nlm.nih.gov/gene/5071
http://purl.obolibrary.org/obo/OMIM_600116	http://www.informatics.jax.org/accession/MGI:4939781	http://www.informatics.jax.org/accession/MGI:1355296	http://www.ncbi.nlm.nih.gov/gene/5071
http://purl.obolibrary.org/obo/OMIM_278740	http://www.informatics.jax.org/accession/MGI:3036311	http://www.informatics.jax.org/accession/MGI:1355314	http://www.ncbi.nlm.nih.gov/gene/1643
http://purl.obolibrary.org/obo/OMIM_278740	http://www.informatics.jax.org/accession/MGI:3036310	http://www.informatics.jax.org/accession/MGI:1355314	http://www.ncbi.nlm.nih.gov/gene/1643
http://purl.obolibrary.org/obo/OMIM_278740	http://www.informatics.jax.org/accession/MGI:3512004	http://www.informatics.jax.org/accession/MGI:1355314	http://www.ncbi.nlm.nih.gov/gene/1643
http://purl.obolibrary.org/obo/OMIM_278740	http://www.informatics.jax.org/accession/MGI:3512005	http://www.informatics.jax.org/accession/MGI:1355314	http://www.ncbi.nlm.nih.gov/gene/1643
http://purl.obolibrary.org/obo/OMIM_242860	http://www.informatics.jax.org/accession/MGI:3628830	http://www.informatics.jax.org/accession/MGI:1261819	http://www.ncbi.nlm.nih.gov/gene/1789
http://purl.obolibrary.org/obo/OMIM_242860	http://www.informatics.jax.org/accession/MGI:3628828	http://www.informatics.jax.org/accession/MGI:1261819	http://www.ncbi.nlm.nih.gov/gene/1789
http://purl.obolibrary.org/obo/OMIM_242860	http://www.informatics.jax.org/accession/MGI:3628914	http://www.informatics.jax.org/accession/MGI:1261819	http://www.ncbi.nlm.nih.gov/gene/1789
http://purl.obolibrary.org/obo/OMIM_242860	http://www.informatics.jax.org/accession/MGI:3628826	http://www.informatics.jax.org/accession/MGI:1261819	http://www.ncbi.nlm.nih.gov/gene/1789
http://purl.obolibrary.org/obo/OMIM_242860	http://www.informatics.jax.org/accession/MGI:3628916	http://www.informatics.jax.org/accession/MGI:1261819	http://www.ncbi.nlm.nih.gov/gene/1789
http://purl.obolibrary.org/obo/OMIM_242860	http://www.informatics.jax.org/accession/MGI:3040304	http://www.informatics.jax.org/accession/MGI:1261819	http://www.ncbi.nlm.nih.gov/gene/1789
http://purl.obolibrary.org/obo/OMIM_242860	http://www.informatics.jax.org/accession/MGI:3040301	http://www.informatics.jax.org/accession/MGI:1261819	http://www.ncbi.nlm.nih.gov/gene/1789
http://purl.obolibrary.org/obo/OMIM_257300	http://www.informatics.jax.org/accession/MGI:5487831	http://www.informatics.jax.org/accession/MGI:1333889	http://www.ncbi.nlm.nih.gov/gene/701
http://purl.obolibrary.org/obo/OMIM_606889	http://www.informatics.jax.org/accession/MGI:3045186	http://www.informatics.jax.org/accession/MGI:109284	http://www.ncbi.nlm.nih.gov/gene/5664
http://purl.obolibrary.org/obo/OMIM_606593	http://www.informatics.jax.org/accession/MGI:3714853	http://www.informatics.jax.org/accession/MGI:1335098	http://www.ncbi.nlm.nih.gov/gene/3981
http://purl.obolibrary.org/obo/OMIM_606593	http://www.informatics.jax.org/accession/MGI:4437271	http://www.informatics.jax.org/accession/MGI:1335098	http://www.ncbi.nlm.nih.gov/gene/3981
http://purl.obolibrary.org/obo/OMIM_604370	http://www.informatics.jax.org/accession/MGI:5297135	http://www.informatics.jax.org/accession/MGI:104537	http://www.ncbi.nlm.nih.gov/gene/672
http://purl.obolibrary.org/obo/OMIM_604370	http://www.informatics.jax.org/accession/MGI:5297134	http://www.informatics.jax.org/accession/MGI:104537	http://www.ncbi.nlm.nih.gov/gene/672
http://purl.obolibrary.org/obo/OMIM_604370	http://www.informatics.jax.org/accession/MGI:2176786	http://www.informatics.jax.org/accession/MGI:104537	http://www.ncbi.nlm.nih.gov/gene/672
http://purl.obolibrary.org/obo/OMIM_277900	http://www.informatics.jax.org/accession/MGI:3043693	http://www.informatics.jax.org/accession/MGI:103297	http://www.ncbi.nlm.nih.gov/gene/540
http://purl.obolibrary.org/obo/OMIM_277900	http://www.informatics.jax.org/accession/MGI:3793277	http://www.informatics.jax.org/accession/MGI:103297	http://www.ncbi.nlm.nih.gov/gene/540
http://purl.obolibrary.org/obo/OMIM_277900	http://www.informatics.jax.org/accession/MGI:3793274	http://www.informatics.jax.org/accession/MGI:103297	http://www.ncbi.nlm.nih.gov/gene/540
http://purl.obolibrary.org/obo/OMIM_182290	http://www.informatics.jax.org/accession/MGI:3577939	http://www.informatics.jax.org/accession/MGI:103291	http://www.ncbi.nlm.nih.gov/gene/10743
http://purl.obolibrary.org/obo/OMIM_182290	http://www.informatics.jax.org/accession/MGI:4835032	http://www.informatics.jax.org/accession/MGI:103291	http://www.ncbi.nlm.nih.gov/gene/10743
http://purl.obolibrary.org/obo/OMIM_223900	http://www.informatics.jax.org/accession/MGI:5558037	http://www.informatics.jax.org/accession/MGI:1914544	http://www.ncbi.nlm.nih.gov/gene/8518
http://purl.obolibrary.org/obo/OMIM_223900	http://www.informatics.jax.org/accession/MGI:5444635	http://www.informatics.jax.org/accession/MGI:1914544	http://www.ncbi.nlm.nih.gov/gene/8518
http://purl.obolibrary.org/obo/OMIM_223900	http://www.informatics.jax.org/accession/MGI:5444514	http://www.informatics.jax.org/accession/MGI:1914544	http://www.ncbi.nlm.nih.gov/gene/8518
http://purl.obolibrary.org/obo/OMIM_203300	http://www.informatics.jax.org/accession/MGI:5501040	http://www.informatics.jax.org/accession/MGI:2177763	http://www.ncbi.nlm.nih.gov/gene/3257
http://purl.obolibrary.org/obo/OMIM_185050	http://www.informatics.jax.org/accession/MGI:3586967	http://www.informatics.jax.org/accession/MGI:2177763	http://www.ncbi.nlm.nih.gov/gene/3257
http://purl.obolibrary.org/obo/OMIM_203300	http://www.informatics.jax.org/accession/MGI:3586967	http://www.informatics.jax.org/accession/MGI:2177763	http://www.ncbi.nlm.nih.gov/gene/3257
http://purl.obolibrary.org/obo/OMIM_185050	http://www.informatics.jax.org/accession/MGI:3588311	http://www.informatics.jax.org/accession/MGI:2177763	http://www.ncbi.nlm.nih.gov/gene/3257
http://purl.obolibrary.org/obo/OMIM_203300	http://www.informatics.jax.org/accession/MGI:3588311	http://www.informatics.jax.org/accession/MGI:2177763	http://www.ncbi.nlm.nih.gov/gene/3257
http://purl.obolibrary.org/obo/OMIM_203300	http://www.informatics.jax.org/accession/MGI:3586968	http://www.informatics.jax.org/accession/MGI:2177763	http://www.ncbi.nlm.nih.gov/gene/3257
http://purl.obolibrary.org/obo/OMIM_278750	http://www.informatics.jax.org/accession/MGI:3586812	http://www.informatics.jax.org/accession/MGI:1891457	http://www.ncbi.nlm.nih.gov/gene/5429
http://purl.obolibrary.org/obo/OMIM_278750	http://www.informatics.jax.org/accession/MGI:3579244	http://www.informatics.jax.org/accession/MGI:1891457	http://www.ncbi.nlm.nih.gov/gene/5429
http://purl.obolibrary.org/obo/OMIM_278750	http://www.informatics.jax.org/accession/MGI:3615437	http://www.informatics.jax.org/accession/MGI:1891457	http://www.ncbi.nlm.nih.gov/gene/5429
http://purl.obolibrary.org/obo/OMIM_278720	http://www.informatics.jax.org/accession/MGI:3665144	http://www.informatics.jax.org/accession/MGI:103557	http://www.ncbi.nlm.nih.gov/gene/7508
http://purl.obolibrary.org/obo/OMIM_278780	http://www.informatics.jax.org/accession/MGI:3043695	http://www.informatics.jax.org/accession/MGI:103582	http://www.ncbi.nlm.nih.gov/gene/2073
http://purl.obolibrary.org/obo/OMIM_278780	http://www.informatics.jax.org/accession/MGI:3043699	http://www.informatics.jax.org/accession/MGI:103582	http://www.ncbi.nlm.nih.gov/gene/2073
http://purl.obolibrary.org/obo/OMIM_278780	http://www.informatics.jax.org/accession/MGI:3043596	http://www.informatics.jax.org/accession/MGI:103582	http://www.ncbi.nlm.nih.gov/gene/2073
http://purl.obolibrary.org/obo/OMIM_278780	http://www.informatics.jax.org/accession/MGI:3043597	http://www.informatics.jax.org/accession/MGI:103582	http://www.ncbi.nlm.nih.gov/gene/2073
http://purl.obolibrary.org/obo/OMIM_219700	http://www.informatics.jax.org/accession/MGI:2177529	http://www.informatics.jax.org/accession/MGI:88388	http://www.ncbi.nlm.nih.gov/gene/1080
http://purl.obolibrary.org/obo/OMIM_219700	http://www.informatics.jax.org/accession/MGI:2177530	http://www.informatics.jax.org/accession/MGI:88388	http://www.ncbi.nlm.nih.gov/gene/1080
http://purl.obolibrary.org/obo/OMIM_219700	http://www.informatics.jax.org/accession/MGI:2177536	http://www.informatics.jax.org/accession/MGI:88388	http://www.ncbi.nlm.nih.gov/gene/1080
http://purl.obolibrary.org/obo/OMIM_219700	http://www.informatics.jax.org/accession/MGI:3689378	http://www.informatics.jax.org/accession/MGI:88388	http://www.ncbi.nlm.nih.gov/gene/1080
http://purl.obolibrary.org/obo/OMIM_219700	http://www.informatics.jax.org/accession/MGI:2177533	http://www.informatics.jax.org/accession/MGI:88388	http://www.ncbi.nlm.nih.gov/gene/1080
http://purl.obolibrary.org/obo/OMIM_219700	http://www.informatics.jax.org/accession/MGI:2177534	http://www.informatics.jax.org/accession/MGI:88388	http://www.ncbi.nlm.nih.gov/gene/1080
http://purl.obolibrary.org/obo/OMIM_219700	http://www.informatics.jax.org/accession/MGI:2177541	http://www.informatics.jax.org/accession/MGI:88388	http://www.ncbi.nlm.nih.gov/gene/1080
http://purl.obolibrary.org/obo/OMIM_219700	http://www.informatics.jax.org/accession/MGI:5445419	http://www.informatics.jax.org/accession/MGI:88388	http://www.ncbi.nlm.nih.gov/gene/1080
http://purl.obolibrary.org/obo/OMIM_219700	http://www.informatics.jax.org/accession/MGI:5445420	http://www.informatics.jax.org/accession/MGI:88388	http://www.ncbi.nlm.nih.gov/gene/1080
http://purl.obolibrary.org/obo/OMIM_219700	http://www.informatics.jax.org/accession/MGI:3689380	http://www.informatics.jax.org/accession/MGI:88388	http://www.ncbi.nlm.nih.gov/gene/1080
http://purl.obolibrary.org/obo/OMIM_219700	http://www.informatics.jax.org/accession/MGI:3689381	http://www.informatics.jax.org/accession/MGI:88388	http://www.ncbi.nlm.nih.gov/gene/1080
http://purl.obolibrary.org/obo/OMIM_219700	http://www.informatics.jax.org/accession/MGI:3773702	http://www.informatics.jax.org/accession/MGI:88388	http://www.ncbi.nlm.nih.gov/gene/1080
http://purl.obolibrary.org/obo/OMIM_219700	http://www.informatics.jax.org/accession/MGI:2177531	http://www.informatics.jax.org/accession/MGI:88388	http://www.ncbi.nlm.nih.gov/gene/1080
http://purl.obolibrary.org/obo/OMIM_219700	http://www.informatics.jax.org/accession/MGI:2177436	http://www.informatics.jax.org/accession/MGI:88388	http://www.ncbi.nlm.nih.gov/gene/1080
http://purl.obolibrary.org/obo/OMIM_219700	http://www.informatics.jax.org/accession/MGI:2177542	http://www.informatics.jax.org/accession/MGI:88388	http://www.ncbi.nlm.nih.gov/gene/1080
http://purl.obolibrary.org/obo/OMIM_219700	http://www.informatics.jax.org/accession/MGI:2177545	http://www.informatics.jax.org/accession/MGI:88388	http://www.ncbi.nlm.nih.gov/gene/1080
http://purl.obolibrary.org/obo/OMIM_219700	http://www.informatics.jax.org/accession/MGI:2177543	http://www.informatics.jax.org/accession/MGI:88388	http://www.ncbi.nlm.nih.gov/gene/1080
http://purl.obolibrary.org/obo/OMIM_312870	http://www.informatics.jax.org/accession/MGI:3849592	http://www.informatics.jax.org/accession/MGI:104903	http://www.ncbi.nlm.nih.gov/gene/2719
http://purl.obolibrary.org/obo/OMIM_312870	http://www.informatics.jax.org/accession/MGI:3849593	http://www.informatics.jax.org/accession/MGI:104903	http://www.ncbi.nlm.nih.gov/gene/2719
http://purl.obolibrary.org/obo/OMIM_312870	http://www.informatics.jax.org/accession/MGI:3629779	http://www.informatics.jax.org/accession/MGI:104903	http://www.ncbi.nlm.nih.gov/gene/2719
http://purl.obolibrary.org/obo/OMIM_312870	http://www.informatics.jax.org/accession/MGI:3629875	http://www.informatics.jax.org/accession/MGI:104903	http://www.ncbi.nlm.nih.gov/gene/2719
http://purl.obolibrary.org/obo/OMIM_312870	http://www.informatics.jax.org/accession/MGI:3849590	http://www.informatics.jax.org/accession/MGI:104903	http://www.ncbi.nlm.nih.gov/gene/2719
http://purl.obolibrary.org/obo/OMIM_312870	http://www.informatics.jax.org/accession/MGI:3849591	http://www.informatics.jax.org/accession/MGI:104903	http://www.ncbi.nlm.nih.gov/gene/2719
http://purl.obolibrary.org/obo/OMIM_312870	http://www.informatics.jax.org/accession/MGI:3530365	http://www.informatics.jax.org/accession/MGI:104903	http://www.ncbi.nlm.nih.gov/gene/2719
http://purl.obolibrary.org/obo/OMIM_312870	http://www.informatics.jax.org/accession/MGI:3530366	http://www.informatics.jax.org/accession/MGI:104903	http://www.ncbi.nlm.nih.gov/gene/2719
http://purl.obolibrary.org/obo/OMIM_164400	http://www.informatics.jax.org/accession/MGI:3774931	http://www.informatics.jax.org/accession/MGI:104783	http://www.ncbi.nlm.nih.gov/gene/6310
http://purl.obolibrary.org/obo/OMIM_208400	http://www.informatics.jax.org/accession/MGI:3045972	http://www.informatics.jax.org/accession/MGI:104873	http://www.ncbi.nlm.nih.gov/gene/175
http://purl.obolibrary.org/obo/OMIM_208400	http://www.informatics.jax.org/accession/MGI:3043584	http://www.informatics.jax.org/accession/MGI:104873	http://www.ncbi.nlm.nih.gov/gene/175
http://purl.obolibrary.org/obo/OMIM_603813	http://www.informatics.jax.org/accession/MGI:2670516	http://www.informatics.jax.org/accession/MGI:2140175	http://www.ncbi.nlm.nih.gov/gene/26119
http://purl.obolibrary.org/obo/OMIM_603813	http://www.informatics.jax.org/accession/MGI:3611042	http://www.informatics.jax.org/accession/MGI:2140175	http://www.ncbi.nlm.nih.gov/gene/26119
http://purl.obolibrary.org/obo/OMIM_613254	http://www.informatics.jax.org/accession/MGI:4358058	http://www.informatics.jax.org/accession/MGI:102548	http://www.ncbi.nlm.nih.gov/gene/7249
http://purl.obolibrary.org/obo/OMIM_613254	http://www.informatics.jax.org/accession/MGI:5641393	http://www.informatics.jax.org/accession/MGI:102548	http://www.ncbi.nlm.nih.gov/gene/7249
http://purl.obolibrary.org/obo/OMIM_613254	http://www.informatics.jax.org/accession/MGI:2174790	http://www.informatics.jax.org/accession/MGI:102548	http://www.ncbi.nlm.nih.gov/gene/7249
http://purl.obolibrary.org/obo/OMIM_613254	http://www.informatics.jax.org/accession/MGI:2174788	http://www.informatics.jax.org/accession/MGI:102548	http://www.ncbi.nlm.nih.gov/gene/7249
http://purl.obolibrary.org/obo/OMIM_613254	http://www.informatics.jax.org/accession/MGI:3811791	http://www.informatics.jax.org/accession/MGI:102548	http://www.ncbi.nlm.nih.gov/gene/7249
http://purl.obolibrary.org/obo/OMIM_613254	http://www.informatics.jax.org/accession/MGI:5140838	http://www.informatics.jax.org/accession/MGI:102548	http://www.ncbi.nlm.nih.gov/gene/7249
http://purl.obolibrary.org/obo/OMIM_613254	http://www.informatics.jax.org/accession/MGI:4880715	http://www.informatics.jax.org/accession/MGI:102548	http://www.ncbi.nlm.nih.gov/gene/7249
http://purl.obolibrary.org/obo/OMIM_613254	http://www.informatics.jax.org/accession/MGI:5140843	http://www.informatics.jax.org/accession/MGI:102548	http://www.ncbi.nlm.nih.gov/gene/7249
http://purl.obolibrary.org/obo/OMIM_252650	http://www.informatics.jax.org/accession/MGI:5050100	http://www.informatics.jax.org/accession/MGI:1890498	http://www.ncbi.nlm.nih.gov/gene/57192
http://purl.obolibrary.org/obo/OMIM_252650	http://www.informatics.jax.org/accession/MGI:3795387	http://www.informatics.jax.org/accession/MGI:1890498	http://www.ncbi.nlm.nih.gov/gene/57192
http://purl.obolibrary.org/obo/OMIM_256730	http://www.informatics.jax.org/accession/MGI:5585410	http://www.informatics.jax.org/accession/MGI:1298204	http://www.ncbi.nlm.nih.gov/gene/5538
http://purl.obolibrary.org/obo/OMIM_256730	http://www.informatics.jax.org/accession/MGI:5296508	http://www.informatics.jax.org/accession/MGI:1298204	http://www.ncbi.nlm.nih.gov/gene/5538
http://purl.obolibrary.org/obo/OMIM_256730	http://www.informatics.jax.org/accession/MGI:3527906	http://www.informatics.jax.org/accession/MGI:1298204	http://www.ncbi.nlm.nih.gov/gene/5538
http://purl.obolibrary.org/obo/OMIM_604369	http://www.informatics.jax.org/accession/MGI:4440830	http://www.informatics.jax.org/accession/MGI:1924105	http://www.ncbi.nlm.nih.gov/gene/26503
http://purl.obolibrary.org/obo/OMIM_175100	http://www.informatics.jax.org/accession/MGI:5521585	http://www.informatics.jax.org/accession/MGI:88039	http://www.ncbi.nlm.nih.gov/gene/324
http://purl.obolibrary.org/obo/OMIM_175100	http://www.informatics.jax.org/accession/MGI:5688288	http://www.informatics.jax.org/accession/MGI:88039	http://www.ncbi.nlm.nih.gov/gene/324
http://purl.obolibrary.org/obo/OMIM_175100	http://www.informatics.jax.org/accession/MGI:3590232	http://www.informatics.jax.org/accession/MGI:88039	http://www.ncbi.nlm.nih.gov/gene/324
http://purl.obolibrary.org/obo/OMIM_175100	http://www.informatics.jax.org/accession/MGI:2175909	http://www.informatics.jax.org/accession/MGI:88039	http://www.ncbi.nlm.nih.gov/gene/324
http://purl.obolibrary.org/obo/OMIM_175100	http://www.informatics.jax.org/accession/MGI:2175907	http://www.informatics.jax.org/accession/MGI:88039	http://www.ncbi.nlm.nih.gov/gene/324
http://purl.obolibrary.org/obo/OMIM_175100	http://www.informatics.jax.org/accession/MGI:2182592	http://www.informatics.jax.org/accession/MGI:88039	http://www.ncbi.nlm.nih.gov/gene/324
http://purl.obolibrary.org/obo/OMIM_175100	http://www.informatics.jax.org/accession/MGI:2665504	http://www.informatics.jax.org/accession/MGI:88039	http://www.ncbi.nlm.nih.gov/gene/324
http://purl.obolibrary.org/obo/OMIM_175100	http://www.informatics.jax.org/accession/MGI:2175903	http://www.informatics.jax.org/accession/MGI:88039	http://www.ncbi.nlm.nih.gov/gene/324
http://purl.obolibrary.org/obo/OMIM_175100	http://www.informatics.jax.org/accession/MGI:4440863	http://www.informatics.jax.org/accession/MGI:88039	http://www.ncbi.nlm.nih.gov/gene/324
http://purl.obolibrary.org/obo/OMIM_313200	http://www.informatics.jax.org/accession/MGI:3614453	http://www.informatics.jax.org/accession/MGI:88064	http://www.ncbi.nlm.nih.gov/gene/367
http://purl.obolibrary.org/obo/OMIM_207900	http://www.informatics.jax.org/accession/MGI:5308984	http://www.informatics.jax.org/accession/MGI:88084	http://www.ncbi.nlm.nih.gov/gene/435
http://purl.obolibrary.org/obo/OMIM_207900	http://www.informatics.jax.org/accession/MGI:3605490	http://www.informatics.jax.org/accession/MGI:88084	http://www.ncbi.nlm.nih.gov/gene/435
http://purl.obolibrary.org/obo/OMIM_203450	http://www.informatics.jax.org/accession/MGI:3850536	http://www.informatics.jax.org/accession/MGI:95697	http://www.ncbi.nlm.nih.gov/gene/2670
http://purl.obolibrary.org/obo/OMIM_203450	http://www.informatics.jax.org/accession/MGI:3692745	http://www.informatics.jax.org/accession/MGI:95697	http://www.ncbi.nlm.nih.gov/gene/2670
http://purl.obolibrary.org/obo/OMIM_203450	http://www.informatics.jax.org/accession/MGI:3692746	http://www.informatics.jax.org/accession/MGI:95697	http://www.ncbi.nlm.nih.gov/gene/2670
http://purl.obolibrary.org/obo/OMIM_203450	http://www.informatics.jax.org/accession/MGI:3692743	http://www.informatics.jax.org/accession/MGI:95697	http://www.ncbi.nlm.nih.gov/gene/2670
http://purl.obolibrary.org/obo/OMIM_305000	http://www.informatics.jax.org/accession/MGI:5644816	http://www.informatics.jax.org/accession/MGI:1861727	http://www.ncbi.nlm.nih.gov/gene/1736
http://purl.obolibrary.org/obo/OMIM_305000	http://www.informatics.jax.org/accession/MGI:2661986	http://www.informatics.jax.org/accession/MGI:1861727	http://www.ncbi.nlm.nih.gov/gene/1736
http://purl.obolibrary.org/obo/OMIM_305000	http://www.informatics.jax.org/accession/MGI:2654712	http://www.informatics.jax.org/accession/MGI:1861727	http://www.ncbi.nlm.nih.gov/gene/1736
http://purl.obolibrary.org/obo/OMIM_302800	http://www.informatics.jax.org/accession/MGI:2176915	http://www.informatics.jax.org/accession/MGI:95719	http://www.ncbi.nlm.nih.gov/gene/2705
http://purl.obolibrary.org/obo/OMIM_302800	http://www.informatics.jax.org/accession/MGI:4821788	http://www.informatics.jax.org/accession/MGI:95719	http://www.ncbi.nlm.nih.gov/gene/2705
http://purl.obolibrary.org/obo/OMIM_302800	http://www.informatics.jax.org/accession/MGI:2176912	http://www.informatics.jax.org/accession/MGI:95719	http://www.ncbi.nlm.nih.gov/gene/2705
http://purl.obolibrary.org/obo/OMIM_302800	http://www.informatics.jax.org/accession/MGI:4821790	http://www.informatics.jax.org/accession/MGI:95719	http://www.ncbi.nlm.nih.gov/gene/2705
